company_id,company_name,company_hq_location,company_size,company_website_url,createdAt,updatedAt
comp_1,OpenAI,"San Francisco, USA",Large,https://openai.com,2025-03-21T04:28:43.854Z,2025-03-21T04:28:43.854Z
company_1742531573928_456,Writesonic,,,https://writesonic.com/,2025-03-21T04:32:53.928Z,2025-03-21T04:32:53.928Z
company_1742531573929_360,Tabnine,,,https://www.tabnine.com/,2025-03-21T04:32:53.929Z,2025-03-21T04:32:53.929Z
company_1742531573929_927,Sheetai,,,https://sheetai.app/,2025-03-21T04:32:53.929Z,2025-03-21T04:32:53.929Z
company_1742531573930_102,Runwayml,,,https://runwayml.com/,2025-03-21T04:32:53.930Z,2025-03-21T04:32:53.930Z
company_1742531573931_980,Otter,,,https://otter.ai/,2025-03-21T04:32:53.931Z,2025-03-21T04:32:53.931Z
company_1742531573932_599,Bing,,,https://www.bing.com/chat,2025-03-21T04:32:53.932Z,2025-03-21T04:32:53.932Z
company_1742531573933_888,Kuki,,,https://www.kuki.ai/,2025-03-21T04:32:53.933Z,2025-03-21T04:32:53.933Z
company_1742531573933_641,Jasper,,,https://www.jasper.ai/,2025-03-21T04:32:53.933Z,2025-03-21T04:32:53.933Z
company_1742531573934_743,Inkforall,,,https://inkforall.com/,2025-03-21T04:32:53.934Z,2025-03-21T04:32:53.934Z
company_1742531573934_305,Huggingface,,,https://huggingface.co/transformers/,2025-03-21T04:32:53.934Z,2025-03-21T04:32:53.934Z
company_1742531573935_5,H2o,,,https://h2o.ai/,2025-03-21T04:32:53.935Z,2025-03-21T04:32:53.935Z
company_1742531573936_909,Google,,,https://workspace.google.com/marketplace/app/gpt_for_sheets_and_docs/677318054654,2025-03-21T04:32:53.936Z,2025-03-21T04:32:53.936Z
company_1742531573936_433,Deepseek,,,https://deepseek.ai/,2025-03-21T04:32:53.936Z,2025-03-21T04:32:53.936Z
company_1742531573937_45,Deepl,,,https://www.deepl.com/translator,2025-03-21T04:32:53.937Z,2025-03-21T04:32:53.937Z
company_1742531573937_87,Codium,,,https://www.codium.ai/,2025-03-21T04:32:53.937Z,2025-03-21T04:32:53.937Z
company_1742531573938_568,Anthropic,,,https://www.anthropic.com/claude,2025-03-21T04:32:53.938Z,2025-03-21T04:32:53.938Z
company_1742531573939_273,C3,,,https://c3.ai/,2025-03-21T04:32:53.939Z,2025-03-21T04:32:53.939Z
company_1742531573939_811,Symphonyai,,,https://symphonyai.com/ayasdi,2025-03-21T04:32:53.939Z,2025-03-21T04:32:53.939Z
company_1742531573940_431,Amazon,,,https://aws.amazon.com/machine-learning/,2025-03-21T04:32:53.940Z,2025-03-21T04:32:53.940Z
company_1742531573941_941,Seldon,,,https://docs.seldon.io/projects/alibi/en/stable/,2025-03-21T04:32:53.941Z,2025-03-21T04:32:53.941Z
company_1742531573942_277,Mixmod,,,http://mixmod.org/,2025-03-21T04:32:53.942Z,2025-03-21T04:32:53.942Z
company_1742531573942_88,Accenture,,,http://www.accenture.com/us-en/services/applied-intelligence-index,2025-03-21T04:32:53.942Z,2025-03-21T04:32:53.942Z
company_1742531573943_568,Adcreative,,,http://www.adcreative.ai,2025-03-21T04:32:53.943Z,2025-03-21T04:32:53.943Z
company_1742531573944_271,Adobe,,,http://www.adobe.com/sensei/generative-ai/firefly.html,2025-03-21T04:32:53.944Z,2025-03-21T04:32:53.944Z
company_1742531573944_238,Ai,,,http://www.ai.google,2025-03-21T04:32:53.944Z,2025-03-21T04:32:53.944Z
company_1742531573945_692,Ai21,,,http://www.ai21.com,2025-03-21T04:32:53.945Z,2025-03-21T04:32:53.945Z
company_1742531573946_558,Aiseo,,,http://www.aiseo.ai,2025-03-21T04:32:53.946Z,2025-03-21T04:32:53.946Z
company_1742531573946_497,Aiva,,,http://www.aiva.ai,2025-03-21T04:32:53.946Z,2025-03-21T04:32:53.946Z
company_1742531573947_551,Ai-writer,,,http://www.ai-writer.com,2025-03-21T04:32:53.947Z,2025-03-21T04:32:53.947Z
company_1742531573948_331,Akana,,,http://www.akana.com,2025-03-21T04:32:53.948Z,2025-03-21T04:32:53.948Z
company_1742531573948_80,Aleph-alpha,,,http://www.aleph-alpha.com,2025-03-21T04:32:53.949Z,2025-03-21T04:32:53.949Z
company_1742531573949_204,Algorithmia,,,http://www.algorithmia.com,2025-03-21T04:32:53.949Z,2025-03-21T04:32:53.949Z
company_1742531573950_376,Alibabacloud,,,http://www.alibabacloud.com/products/ai,2025-03-21T04:32:53.950Z,2025-03-21T04:32:53.950Z
company_1742531573950_89,Anaconda,,,http://www.anaconda.com,2025-03-21T04:32:53.950Z,2025-03-21T04:32:53.950Z
company_1742531573951_381,Anyword,,,http://www.anyword.com,2025-03-21T04:32:53.951Z,2025-03-21T04:32:53.951Z
company_1742531573953_629,Bearly,,,http://www.bearly.ai,2025-03-21T04:32:53.953Z,2025-03-21T04:32:53.953Z
company_1742531573953_888,Blaze,,,http://www.blaze.today,2025-03-21T04:32:53.953Z,2025-03-21T04:32:53.953Z
company_1742531573954_419,Blueprism,,,http://www.blueprism.com,2025-03-21T04:32:53.954Z,2025-03-21T04:32:53.954Z
company_1742531573955_150,Boomi,,,http://www.boomi.com/platform/api-management,2025-03-21T04:32:53.955Z,2025-03-21T04:32:53.955Z
company_1742531573955_787,Botpress,,,http://www.botpress.com,2025-03-21T04:32:53.955Z,2025-03-21T04:32:53.955Z
company_1742531573956_560,Buffer,,,http://www.buffer.com,2025-03-21T04:32:53.956Z,2025-03-21T04:32:53.956Z
company_1742531573957_461,Caffe2,,,http://www.caffe2.ai,2025-03-21T04:32:53.957Z,2025-03-21T04:32:53.957Z
company_1742531573958_329,Cerebras,,,http://www.cerebras.net,2025-03-21T04:32:53.958Z,2025-03-21T04:32:53.958Z
company_1742531573958_626,Chainer,,,http://www.chainer.org,2025-03-21T04:32:53.958Z,2025-03-21T04:32:53.958Z
company_1742531573959_600,Character,,,http://www.character.ai,2025-03-21T04:32:53.959Z,2025-03-21T04:32:53.959Z
company_1742531573960_786,Chatbot,,,http://www.chatbot.com,2025-03-21T04:32:53.960Z,2025-03-21T04:32:53.960Z
company_1742531573960_973,Claude,,,http://www.claude.ai,2025-03-21T04:32:53.960Z,2025-03-21T04:32:53.960Z
company_1742531573961_788,Cleverbot,,,http://www.cleverbot.com,2025-03-21T04:32:53.961Z,2025-03-21T04:32:53.961Z
company_1742531573962_758,Closerscopy,,,http://www.closerscopy.com,2025-03-21T04:32:53.962Z,2025-03-21T04:32:53.962Z
company_1742531573962_893,Cohere,,,http://www.cohere.ai,2025-03-21T04:32:53.962Z,2025-03-21T04:32:53.962Z
company_1742531573963_11,Contentbot,,,http://www.contentbot.ai,2025-03-21T04:32:53.963Z,2025-03-21T04:32:53.963Z
company_1742531573963_935,Copyleaks,,,http://www.copyleaks.com,2025-03-21T04:32:53.963Z,2025-03-21T04:32:53.963Z
company_1742531573964_214,Copymonkey,,,http://www.copymonkey.ai,2025-03-21T04:32:53.964Z,2025-03-21T04:32:53.964Z
company_1742531573965_224,Copysmith,,,http://www.copysmith.ai,2025-03-21T04:32:53.965Z,2025-03-21T04:32:53.965Z
company_1742531573966_911,Databricks,,,http://www.databricks.com,2025-03-21T04:32:53.966Z,2025-03-21T04:32:53.966Z
company_1742531573966_284,Dataiku,,,http://www.dataiku.com,2025-03-21T04:32:53.966Z,2025-03-21T04:32:53.966Z
company_1742531573967_906,Datarobot,,,http://www.datarobot.com,2025-03-21T04:32:53.967Z,2025-03-21T04:32:53.967Z
company_1742531573967_333,Deepbrain,,,http://www.deepbrain.io,2025-03-21T04:32:53.967Z,2025-03-21T04:32:53.967Z
company_1742531573968_878,Deepdetect,,,http://www.deepdetect.com,2025-03-21T04:32:53.968Z,2025-03-21T04:32:53.968Z
company_1742531573969_800,Deeplearning4j,,,http://www.deeplearning4j.org,2025-03-21T04:32:53.969Z,2025-03-21T04:32:53.969Z
company_1742531573969_963,Deepmind,,,http://www.deepmind.com,2025-03-21T04:32:53.969Z,2025-03-21T04:32:53.969Z
company_1742531573970_217,Deeppavlov,,,http://www.deeppavlov.ai,2025-03-21T04:32:53.970Z,2025-03-21T04:32:53.970Z
company_1742531573971_598,Descript,,,http://www.descript.com,2025-03-21T04:32:53.971Z,2025-03-21T04:32:53.971Z
company_1742531573971_843,Dola,,,http://www.dola.ai,2025-03-21T04:32:53.971Z,2025-03-21T04:32:53.971Z
company_1742531573972_609,Dreamfactory,,,http://www.dreamfactory.com,2025-03-21T04:32:53.972Z,2025-03-21T04:32:53.972Z
company_1742531573973_897,Elai,,,http://www.elai.io,2025-03-21T04:32:53.973Z,2025-03-21T04:32:53.973Z
company_1742531573973_504,Exsys,,,http://www.exsys.com,2025-03-21T04:32:53.973Z,2025-03-21T04:32:53.973Z
company_1742531573974_496,Fast,,,http://www.fast.ai,2025-03-21T04:32:53.974Z,2025-03-21T04:32:53.974Z
company_1742531573974_998,Flowrite,,,http://www.flowrite.com,2025-03-21T04:32:53.974Z,2025-03-21T04:32:53.974Z
company_1742531573975_421,Frase,,,http://www.frase.io,2025-03-21T04:32:53.975Z,2025-03-21T04:32:53.975Z
company_1742531573975_436,Fusio-project,,,http://www.fusio-project.org,2025-03-21T04:32:53.975Z,2025-03-21T04:32:53.975Z
company_1742531573976_230,Github,,,http://www.github.com/features/copilot,2025-03-21T04:32:53.976Z,2025-03-21T04:32:53.976Z
company_1742531573977_100,Gluon,,,http://www.gluon.ai,2025-03-21T04:32:53.977Z,2025-03-21T04:32:53.977Z
company_1742531573977_411,Graphcore,,,http://www.graphcore.ai,2025-03-21T04:32:53.977Z,2025-03-21T04:32:53.977Z
company_1742531573978_788,Gravitee,,,http://www.gravitee.io,2025-03-21T04:32:53.978Z,2025-03-21T04:32:53.978Z
company_1742531573979_60,Growthbarseo,,,http://www.growthbarseo.com,2025-03-21T04:32:53.979Z,2025-03-21T04:32:53.979Z
company_1742531573980_218,Helicone,,,http://www.helicone.ai,2025-03-21T04:32:53.980Z,2025-03-21T04:32:53.980Z
company_1742531573981_6,Hemingwayapp,,,http://www.hemingwayapp.com/,2025-03-21T04:32:53.981Z,2025-03-21T04:32:53.981Z
company_1742531573981_615,Hubspot,,,http://www.hubspot.com,2025-03-21T04:32:53.981Z,2025-03-21T04:32:53.981Z
company_1742531573982_389,Hyperwriteai,,,http://www.hyperwriteai.com,2025-03-21T04:32:53.982Z,2025-03-21T04:32:53.982Z
company_1742531573983_931,Hypotenuse,,,http://www.hypotenuse.ai,2025-03-21T04:32:53.983Z,2025-03-21T04:32:53.983Z
company_1742531573983_678,Ibm,,,http://www.ibm.com/cloud/watson-studio,2025-03-21T04:32:53.983Z,2025-03-21T04:32:53.983Z
company_1742531573984_616,Infosys,,,http://www.infosys.com/nia,2025-03-21T04:32:53.984Z,2025-03-21T04:32:53.984Z
company_1742531573985_363,Jenni,,,http://www.jenni.ai,2025-03-21T04:32:53.985Z,2025-03-21T04:32:53.985Z
company_1742531573986_270,Keras,,,http://www.keras.io,2025-03-21T04:32:53.986Z,2025-03-21T04:32:53.986Z
company_1742531573986_924,Kite,,,http://www.kite.com,2025-03-21T04:32:53.986Z,2025-03-21T04:32:53.986Z
company_1742531573987_689,Konghq,,,http://www.konghq.com,2025-03-21T04:32:53.987Z,2025-03-21T04:32:53.987Z
company_1742531573988_508,Kore,,,http://www.kore.ai,2025-03-21T04:32:53.988Z,2025-03-21T04:32:53.988Z
company_1742531573988_707,Krakend,,,http://www.krakend.io,2025-03-21T04:32:53.988Z,2025-03-21T04:32:53.988Z
company_1742531573989_106,Langchain,,,http://www.langchain.com,2025-03-21T04:32:53.989Z,2025-03-21T04:32:53.989Z
company_1742531573990_984,Linguix,,,http://www.linguix.com,2025-03-21T04:32:53.990Z,2025-03-21T04:32:53.990Z
company_1742531573990_666,Longshot,,,http://www.longshot.ai,2025-03-21T04:32:53.990Z,2025-03-21T04:32:53.990Z
company_1742531573991_158,Lumen5,,,http://www.lumen5.com,2025-03-21T04:32:53.991Z,2025-03-21T04:32:53.991Z
company_1742531573991_695,Manychat,,,http://www.manychat.com,2025-03-21T04:32:53.991Z,2025-03-21T04:32:53.991Z
company_1742531573992_959,Markovml,,,http://www.markovml.com,2025-03-21T04:32:53.992Z,2025-03-21T04:32:53.992Z
company_1742531573993_34,Masswerk,,,http://www.masswerk.at/elizabot,2025-03-21T04:32:53.993Z,2025-03-21T04:32:53.993Z
company_1742531573993_184,Microsoft,,,http://www.microsoft.com,2025-03-21T04:32:53.993Z,2025-03-21T04:32:53.993Z
company_1742531573994_852,Mistral,,,http://www.mistral.ai,2025-03-21T04:32:53.994Z,2025-03-21T04:32:53.994Z
company_1742531573995_769,Moveworks,,,http://www.moveworks.com,2025-03-21T04:32:53.995Z,2025-03-21T04:32:53.995Z
company_1742531573996_939,Neuraltext,,,http://www.neuraltext.com,2025-03-21T04:32:53.996Z,2025-03-21T04:32:53.996Z
company_1742531573996_630,Neuroflash,,,http://www.neuroflash.com,2025-03-21T04:32:53.996Z,2025-03-21T04:32:53.996Z
company_1742531573997_939,Nvidia,,,http://www.nvidia.com/en-us/ai-data-science,2025-03-21T04:32:53.997Z,2025-03-21T04:32:53.997Z
company_1742531573998_431,Octoml,,,http://www.octoml.ai,2025-03-21T04:32:53.998Z,2025-03-21T04:32:53.998Z
company_1742531573998_759,Onnx,,,http://www.onnx.ai,2025-03-21T04:32:53.998Z,2025-03-21T04:32:53.998Z
company_1742531573999_913,Opennmt,,,http://www.opennmt.net,2025-03-21T04:32:53.999Z,2025-03-21T04:32:53.999Z
company_1742531573999_746,Oracle,,,http://www.oracle.com/artificial-intelligence,2025-03-21T04:32:53.999Z,2025-03-21T04:32:53.999Z
company_1742531574000_229,Outwrite,,,http://www.outwrite.com,2025-03-21T04:32:54.000Z,2025-03-21T04:32:54.000Z
company_1742531574000_113,Paddlepaddle,,,http://www.paddlepaddle.org,2025-03-21T04:32:54.000Z,2025-03-21T04:32:54.000Z
company_1742531574001_251,Pandorabots,,,http://www.pandorabots.com,2025-03-21T04:32:54.001Z,2025-03-21T04:32:54.001Z
company_1742531574002_571,Paragraphai,,,http://www.paragraphai.com,2025-03-21T04:32:54.002Z,2025-03-21T04:32:54.002Z
company_1742531574002_554,Pega,,,http://www.pega.com,2025-03-21T04:32:54.002Z,2025-03-21T04:32:54.002Z
company_1742531574006_802,Peppertype,,,http://www.peppertype.ai,2025-03-21T04:32:54.006Z,2025-03-21T04:32:54.006Z
company_1742531574007_11,Pictory,,,http://www.pictory.ai,2025-03-21T04:32:54.007Z,2025-03-21T04:32:54.007Z
company_1742531574008_668,Pinecone,,,http://www.pinecone.io,2025-03-21T04:32:54.008Z,2025-03-21T04:32:54.008Z
company_1742531574009_194,Postman,,,http://www.postman.com,2025-03-21T04:32:54.009Z,2025-03-21T04:32:54.009Z
company_1742531574009_936,Promptlayer,,,http://www.promptlayer.com,2025-03-21T04:32:54.009Z,2025-03-21T04:32:54.009Z
company_1742531574010_356,Promptmetheus,,,http://www.promptmetheus.com,2025-03-21T04:32:54.010Z,2025-03-21T04:32:54.010Z
company_1742531574011_998,Promptperfect,,,http://www.promptperfect.com,2025-03-21T04:32:54.011Z,2025-03-21T04:32:54.011Z
company_1742531574011_957,Pytorch,,,http://www.pytorch.org,2025-03-21T04:32:54.011Z,2025-03-21T04:32:54.011Z
company_1742531574012_708,Quartzite,,,http://www.quartzite.ai,2025-03-21T04:32:54.012Z,2025-03-21T04:32:54.012Z
company_1742531574013_357,Radimrehurek,,,http://www.radimrehurek.com/gensim,2025-03-21T04:32:54.013Z,2025-03-21T04:32:54.013Z
company_1742531574013_164,Rapidapi,,,http://www.rapidapi.com,2025-03-21T04:32:54.013Z,2025-03-21T04:32:54.013Z
company_1742531574014_935,Rapidminer,,,http://www.rapidminer.com,2025-03-21T04:32:54.014Z,2025-03-21T04:32:54.014Z
company_1742531574014_442,Rasa,,,http://www.rasa.com,2025-03-21T04:32:54.014Z,2025-03-21T04:32:54.014Z
company_1742531574015_592,Replicate,,,http://www.replicate.com,2025-03-21T04:32:54.015Z,2025-03-21T04:32:54.015Z
company_1742531574016_183,Replika,,,http://www.replika.ai,2025-03-21T04:32:54.016Z,2025-03-21T04:32:54.016Z
company_1742531574017_976,Rytr,,,http://www.rytr.me,2025-03-21T04:32:54.017Z,2025-03-21T04:32:54.017Z
company_1742531574017_131,Sas,,,http://www.sas.com/viya,2025-03-21T04:32:54.017Z,2025-03-21T04:32:54.017Z
company_1742531574018_60,Sassbook,,,http://www.sassbook.com,2025-03-21T04:32:54.018Z,2025-03-21T04:32:54.018Z
company_1742531574018_523,Scalenut,,,http://www.scalenut.com,2025-03-21T04:32:54.018Z,2025-03-21T04:32:54.019Z
company_1742531574019_809,Scikit-learn,,,http://www.scikit-learn.org,2025-03-21T04:32:54.019Z,2025-03-21T04:32:54.019Z
company_1742531574020_159,Seowind,,,http://www.seowind.io,2025-03-21T04:32:54.020Z,2025-03-21T04:32:54.020Z
company_1742531574020_545,Simplified,,,http://www.simplified.co,2025-03-21T04:32:54.020Z,2025-03-21T04:32:54.020Z
company_1742531574021_159,Smartwriter,,,http://www.smartwriter.ai,2025-03-21T04:32:54.021Z,2025-03-21T04:32:54.021Z
company_1742531574022_920,Snapyai,,,http://www.snapyai.com,2025-03-21T04:32:54.022Z,2025-03-21T04:32:54.022Z
company_1742531574022_246,Snazzy,,,http://www.snazzy.ai,2025-03-21T04:32:54.022Z,2025-03-21T04:32:54.022Z
company_1742531574023_698,Snowflake,,,http://www.snowflake.com,2025-03-21T04:32:54.023Z,2025-03-21T04:32:54.023Z
company_1742531574023_428,Soundraw,,,http://www.soundraw.io,2025-03-21T04:32:54.023Z,2025-03-21T04:32:54.023Z
company_1742531574024_169,Stability,,,http://www.stability.ai,2025-03-21T04:32:54.024Z,2025-03-21T04:32:54.024Z
company_1742531574024_844,Sudowrite,,,http://www.sudowrite.com,2025-03-21T04:32:54.024Z,2025-03-21T04:32:54.024Z
company_1742531574025_46,Surferseo,,,http://www.surferseo.com,2025-03-21T04:32:54.025Z,2025-03-21T04:32:54.025Z
company_1742531574025_378,Synthesia,,,http://www.synthesia.io,2025-03-21T04:32:54.025Z,2025-03-21T04:32:54.025Z
company_1742531574026_192,Synthesys,,,http://www.synthesys.io,2025-03-21T04:32:54.026Z,2025-03-21T04:32:54.026Z
company_1742531574027_576,Tensorflow,,,http://www.tensorflow.org,2025-03-21T04:32:54.027Z,2025-03-21T04:32:54.027Z
company_1742531574028_28,Tome,,,http://www.tome.app,2025-03-21T04:32:54.028Z,2025-03-21T04:32:54.028Z
company_1742531574028_778,Tyk,,,http://www.tyk.io,2025-03-21T04:32:54.028Z,2025-03-21T04:32:54.028Z
company_1742531574029_99,Uipath,,,http://www.uipath.com,2025-03-21T04:32:54.029Z,2025-03-21T04:32:54.029Z
company_1742531574029_840,V7labs,,,http://www.v7labs.com,2025-03-21T04:32:54.029Z,2025-03-21T04:32:54.029Z
company_1742531574030_436,Wandb,,,http://www.wandb.ai,2025-03-21T04:32:54.030Z,2025-03-21T04:32:54.030Z
company_1742531574031_598,Wipro,,,http://www.wipro.com/holmes,2025-03-21T04:32:54.031Z,2025-03-21T04:32:54.031Z
company_1742531574031_448,Woebot,,,http://www.woebot.io,2025-03-21T04:32:54.031Z,2025-03-21T04:32:54.031Z
company_1742531574032_47,Wordhero,,,http://www.wordhero.co,2025-03-21T04:32:54.032Z,2025-03-21T04:32:54.032Z
company_1742531574032_356,Wordtune,,,http://www.wordtune.com,2025-03-21T04:32:54.032Z,2025-03-21T04:32:54.032Z
company_1742531574033_240,Writecream,,,http://www.writecream.com,2025-03-21T04:32:54.033Z,2025-03-21T04:32:54.033Z
company_1742531574034_337,Writer,,,http://www.writer.com,2025-03-21T04:32:54.034Z,2025-03-21T04:32:54.034Z
company_1742531574034_101,Writerly,,,http://www.writerly.ai,2025-03-21T04:32:54.034Z,2025-03-21T04:32:54.034Z
company_1742531574035_795,Yellow,,,http://www.yellow.ai,2025-03-21T04:32:54.035Z,2025-03-21T04:32:54.035Z
company_1742531574036_609,You,,,http://www.you.com,2025-03-21T04:32:54.036Z,2025-03-21T04:32:54.036Z
company_1742531574037_897,Zyro,,,http://www.zyro.com,2025-03-21T04:32:54.037Z,2025-03-21T04:32:54.037Z
company_1742531574037_270,Sourcegraph,,,https://about.sourcegraph.com/cody,2025-03-21T04:32:54.037Z,2025-03-21T04:32:54.037Z
company_1742531574038_520,Adespresso,,,https://adespresso.com/,2025-03-21T04:32:54.038Z,2025-03-21T04:32:54.038Z
company_1742531574038_371,Awakast,,,https://adon-web.awakast.com/en/recruiter/,2025-03-21T04:32:54.038Z,2025-03-21T04:32:54.038Z
company_1742531574040_725,Agorapulse,,,https://agorapulse.com,2025-03-21T04:32:54.040Z,2025-03-21T04:32:54.040Z
company_1742531574040_861,Ahrefs,,,https://ahrefs.com/,2025-03-21T04:32:54.040Z,2025-03-21T04:32:54.040Z
company_1742531574041_553,Facebook,,,https://ai.facebook.com/,2025-03-21T04:32:54.041Z,2025-03-21T04:32:54.041Z
company_1742531574042_715,Meta,,,https://ai.meta.com/llama,2025-03-21T04:32:54.042Z,2025-03-21T04:32:54.042Z
company_1742531574043_344,Aicaller,,,https://aicaller.io/,2025-03-21T04:32:54.043Z,2025-03-21T04:32:54.043Z
company_1742531574044_274,Aicamp,,,https://aicamp.so/,2025-03-21T04:32:54.044Z,2025-03-21T04:32:54.044Z
company_1742531574044_32,Ai-flow,,,https://ai-flow.net/,2025-03-21T04:32:54.044Z,2025-03-21T04:32:54.044Z
company_1742531574045_328,Aipdf,,,https://aipdf.ai,2025-03-21T04:32:54.045Z,2025-03-21T04:32:54.045Z
company_1742531574046_970,Airtable,,,https://airtable.com/,2025-03-21T04:32:54.046Z,2025-03-21T04:32:54.046Z
company_1742531574046_927,Aisaver,,,https://aisaver.io,2025-03-21T04:32:54.046Z,2025-03-21T04:32:54.046Z
company_1742531574047_290,Aispect,,,https://aispect.io/,2025-03-21T04:32:54.047Z,2025-03-21T04:32:54.047Z
company_1742531574048_870,Aito,,,https://aito.ai,2025-03-21T04:32:54.048Z,2025-03-21T04:32:54.048Z
company_1742531574048_222,Aiwatermarkremover,,,https://aiwatermarkremover.io/,2025-03-21T04:32:54.048Z,2025-03-21T04:32:54.048Z
company_1742531574049_899,Aiweddingtoast,,,https://aiweddingtoast.com,2025-03-21T04:32:54.049Z,2025-03-21T04:32:54.049Z
company_1742531574050_291,Ajelix,,,https://ajelix.com,2025-03-21T04:32:54.050Z,2025-03-21T04:32:54.050Z
company_1742531574050_330,Albert,,,https://albert.ai/,2025-03-21T04:32:54.050Z,2025-03-21T04:32:54.050Z
company_1742531574051_770,Animoto,,,https://animoto.com/,2025-03-21T04:32:54.051Z,2025-03-21T04:32:54.051Z
company_1742531574052_418,Anki-decks,,,https://anki-decks.com,2025-03-21T04:32:54.052Z,2025-03-21T04:32:54.052Z
company_1742531574052_878,Phygital,,,https://app.phygital.plus/,2025-03-21T04:32:54.052Z,2025-03-21T04:32:54.052Z
company_1742531574053_56,Architecturehelper,,,https://architecturehelper.com,2025-03-21T04:32:54.053Z,2025-03-21T04:32:54.053Z
company_1742531574053_648,Arize,,,https://arize.com,2025-03-21T04:32:54.053Z,2025-03-21T04:32:54.053Z
company_1742531574054_988,Asana,,,https://asana.com/,2025-03-21T04:32:54.054Z,2025-03-21T04:32:54.054Z
company_1742531574054_57,Askcodi,,,https://askcodi.com/,2025-03-21T04:32:54.054Z,2025-03-21T04:32:54.055Z
company_1742531574055_549,Askcsv,,,https://askcsv.com,2025-03-21T04:32:54.055Z,2025-03-21T04:32:54.055Z
company_1742531574056_71,Audiense,,,https://audiense.com,2025-03-21T04:32:54.056Z,2025-03-21T04:32:54.056Z
company_1742531574056_681,Automate,,,https://automate.io/,2025-03-21T04:32:54.056Z,2025-03-21T04:32:54.056Z
company_1742531574057_380,Automateo,,,https://automateo.app/,2025-03-21T04:32:54.057Z,2025-03-21T04:32:54.057Z
company_1742531574057_695,Automatisch,,,https://automatisch.io/,2025-03-21T04:32:54.057Z,2025-03-21T04:32:54.057Z
company_1742531574058_882,Autopilothq,,,https://autopilothq.com/,2025-03-21T04:32:54.058Z,2025-03-21T04:32:54.058Z
company_1742531574060_589,Aylien,,,https://aylien.com,2025-03-21T04:32:54.060Z,2025-03-21T04:32:54.060Z
company_1742531574062_406,Basecamp,,,https://basecamp.com,2025-03-21T04:32:54.062Z,2025-03-21T04:32:54.062Z
company_1742531574063_393,Beefree,,,https://beefree.io/,2025-03-21T04:32:54.063Z,2025-03-21T04:32:54.063Z
company_1742531574063_798,Dreamstudio,,,https://beta.dreamstudio.ai/,2025-03-21T04:32:54.063Z,2025-03-21T04:32:54.063Z
company_1742531574064_397,Elevenlabs,,,https://beta.elevenlabs.io/,2025-03-21T04:32:54.064Z,2025-03-21T04:32:54.064Z
company_1742531574064_528,Bigml,,,https://bigml.com/,2025-03-21T04:32:54.064Z,2025-03-21T04:32:54.064Z
company_1742531574065_215,Replit,,,https://blog.replit.com/ai,2025-03-21T04:32:54.065Z,2025-03-21T04:32:54.065Z
company_1742531574065_368,Brainchip,,,https://brainchip.com,2025-03-21T04:32:54.065Z,2025-03-21T04:32:54.065Z
company_1742531574066_488,Brand24,,,https://brand24.com/,2025-03-21T04:32:54.066Z,2025-03-21T04:32:54.066Z
company_1742531574067_0,Brandfolder,,,https://brandfolder.com/,2025-03-21T04:32:54.067Z,2025-03-21T04:32:54.067Z
company_1742531574067_574,Brandmark,,,https://brandmark.io/,2025-03-21T04:32:54.067Z,2025-03-21T04:32:54.067Z
company_1742531574068_525,Buzzsumo,,,https://buzzsumo.com/,2025-03-21T04:32:54.068Z,2025-03-21T04:32:54.068Z
company_1742531574069_656,Cald,,,https://cald.ai,2025-03-21T04:32:54.069Z,2025-03-21T04:32:54.069Z
company_1742531574069_291,Captum,,,https://captum.ai/,2025-03-21T04:32:54.069Z,2025-03-21T04:32:54.069Z
company_1742531574070_257,Chatgpt-for-google,,,https://chatgpt-for-google.com/,2025-03-21T04:32:54.070Z,2025-03-21T04:32:54.070Z
company_1742531574070_217,Chatwithcloud,,,https://chatwithcloud.ai/,2025-03-21T04:32:54.070Z,2025-03-21T04:32:54.070Z
company_1742531574071_470,Civitai,,,https://civitai.com/,2025-03-21T04:32:54.071Z,2025-03-21T04:32:54.071Z
company_1742531574071_612,Claralabs,,,https://claralabs.com,2025-03-21T04:32:54.071Z,2025-03-21T04:32:54.071Z
company_1742531574072_550,Claritas,,,https://claritas.com/,2025-03-21T04:32:54.072Z,2025-03-21T04:32:54.072Z
company_1742531574073_275,Clearbit,,,https://clearbit.com/,2025-03-21T04:32:54.073Z,2025-03-21T04:32:54.073Z
company_1742531574074_546,Clickup,,,https://clickup.com/,2025-03-21T04:32:54.074Z,2025-03-21T04:32:54.074Z
company_1742531574074_951,Clipdrop,,,https://clipdrop.co/,2025-03-21T04:32:54.074Z,2025-03-21T04:32:54.074Z
company_1742531574075_159,Clipwing,,,https://clipwing.pro/,2025-03-21T04:32:54.075Z,2025-03-21T04:32:54.075Z
company_1742531574077_818,Codecomplete,,,https://codecomplete.ai/,2025-03-21T04:32:54.077Z,2025-03-21T04:32:54.077Z
company_1742531574078_563,Codegpt,,,https://codegpt.co/,2025-03-21T04:32:54.078Z,2025-03-21T04:32:54.078Z
company_1742531574078_920,Codeium,,,https://codeium.com/,2025-03-21T04:32:54.078Z,2025-03-21T04:32:54.078Z
company_1742531574079_148,Codetoflow,,,https://codetoflow.com,2025-03-21T04:32:54.079Z,2025-03-21T04:32:54.079Z
company_1742531574079_59,Codiga,,,https://codiga.io/,2025-03-21T04:32:54.079Z,2025-03-21T04:32:54.079Z
company_1742531574080_917,Coefficient,,,https://coefficient.io,2025-03-21T04:32:54.080Z,2025-03-21T04:32:54.080Z
company_1742531574081_845,Colossyan,,,https://colossyan.com,2025-03-21T04:32:54.081Z,2025-03-21T04:32:54.081Z
company_1742531574082_614,Consensus,,,https://consensus.app/search/,2025-03-21T04:32:54.082Z,2025-03-21T04:32:54.082Z
company_1742531574082_977,Contentstudio,,,https://contentstudio.io,2025-03-21T04:32:54.082Z,2025-03-21T04:32:54.082Z
company_1742531574083_695,Contextdata,,,https://contextdata.ai/,2025-03-21T04:32:54.083Z,2025-03-21T04:32:54.083Z
company_1742531574083_657,Continue,,,https://continue.dev/,2025-03-21T04:32:54.083Z,2025-03-21T04:32:54.083Z
company_1742531574084_461,Convertkit,,,https://convertkit.com/,2025-03-21T04:32:54.084Z,2025-03-21T04:32:54.084Z
company_1742531574084_655,Coqui,,,https://coqui.ai/,2025-03-21T04:32:54.084Z,2025-03-21T04:32:54.084Z
company_1742531574085_801,Coral,,,https://coral.ai/,2025-03-21T04:32:54.085Z,2025-03-21T04:32:54.085Z
company_1742531574086_513,Coschedule,,,https://coschedule.com/,2025-03-21T04:32:54.086Z,2025-03-21T04:32:54.086Z
company_1742531574086_831,Crowdfireapp,,,https://crowdfireapp.com,2025-03-21T04:32:54.086Z,2025-03-21T04:32:54.086Z
company_1742531574087_36,Custompod,,,https://custompod.io,2025-03-21T04:32:54.087Z,2025-03-21T04:32:54.087Z
company_1742531574088_682,Datatron,,,https://datatron.com,2025-03-21T04:32:54.088Z,2025-03-21T04:32:54.088Z
company_1742531574089_675,Deepart,,,https://deepart.io/,2025-03-21T04:32:54.089Z,2025-03-21T04:32:54.089Z
company_1742531574092_68,Diagram,,,https://diagram.com/,2025-03-21T04:32:54.092Z,2025-03-21T04:32:54.092Z
company_1742531574092_936,Dittto,,,https://dittto.ai,2025-03-21T04:32:54.092Z,2025-03-21T04:32:54.092Z
company_1742531574093_24,Dlvrit,,,https://dlvrit.com,2025-03-21T04:32:54.093Z,2025-03-21T04:32:54.093Z
company_1742531574094_190,Openvino,,,https://docs.openvino.ai/latest/index.html,2025-03-21T04:32:54.094Z,2025-03-21T04:32:54.094Z
company_1742531574095_741,Eclincher,,,https://eclincher.com,2025-03-21T04:32:54.095Z,2025-03-21T04:32:54.095Z
company_1742531574096_441,Elephas,,,https://elephas.app/,2025-03-21T04:32:54.096Z,2025-03-21T04:32:54.096Z
company_1742531574097_696,Readthedocs,,,https://eli5.readthedocs.io/,2025-03-21T04:32:54.097Z,2025-03-21T04:32:54.097Z
company_1742531574097_725,Elicit,,,https://elicit.org,2025-03-21T04:32:54.097Z,2025-03-21T04:32:54.097Z
company_1742531574098_79,Excelformulabot,,,https://excelformulabot.com,2025-03-21T04:32:54.098Z,2025-03-21T04:32:54.098Z
company_1742531574098_686,Explainx,,,https://explainx.ai,2025-03-21T04:32:54.098Z,2025-03-21T04:32:54.098Z
company_1742531574099_606,Far,,,https://far.site/,2025-03-21T04:32:54.099Z,2025-03-21T04:32:54.099Z
company_1742531574100_801,Fathom,,,https://fathom.video/,2025-03-21T04:32:54.100Z,2025-03-21T04:32:54.100Z
company_1742531574100_117,Feedhive,,,https://feedhive.io,2025-03-21T04:32:54.100Z,2025-03-21T04:32:54.100Z
company_1742531574101_468,Feedly,,,https://feedly.com/,2025-03-21T04:32:54.101Z,2025-03-21T04:32:54.101Z
company_1742531574102_41,Figstack,,,https://figstack.com/,2025-03-21T04:32:54.102Z,2025-03-21T04:32:54.102Z
company_1742531574102_927,Finchat,,,https://finchat.io/,2025-03-21T04:32:54.102Z,2025-03-21T04:32:54.102Z
company_1742531574103_712,Fireflies,,,https://fireflies.ai/,2025-03-21T04:32:54.103Z,2025-03-21T04:32:54.103Z
company_1742531574104_833,Float,,,https://float.com/,2025-03-21T04:32:54.104Z,2025-03-21T04:32:54.104Z
company_1742531574104_228,Forefront,,,https://forefront.ai/,2025-03-21T04:32:54.104Z,2025-03-21T04:32:54.104Z
company_1742531574105_433,Forethought,,,https://forethought.ai,2025-03-21T04:32:54.105Z,2025-03-21T04:32:54.105Z
company_1742531574106_314,Freshdesk,,,https://freshdesk.com/,2025-03-21T04:32:54.106Z,2025-03-21T04:32:54.106Z
company_1742531574106_698,Friendsplus,,,https://friendsplus.me,2025-03-21T04:32:54.106Z,2025-03-21T04:32:54.106Z
company_1742531574107_715,Web,,,https://ga-dev-tools.web.app/ga4/campaign-url-builder/,2025-03-21T04:32:54.107Z,2025-03-21T04:32:54.107Z
company_1742531574107_335,Galactica,,,https://galactica.org/,2025-03-21T04:32:54.107Z,2025-03-21T04:32:54.107Z
company_1742531574108_664,Ganttpro,,,https://ganttpro.com,2025-03-21T04:32:54.108Z,2025-03-21T04:32:54.108Z
company_1742531574109_344,Generated,,,https://generated.photos/human-generator,2025-03-21T04:32:54.109Z,2025-03-21T04:32:54.109Z
company_1742531574109_191,Gensbot,,,https://gensbot.com,2025-03-21T04:32:54.109Z,2025-03-21T04:32:54.109Z
company_1742531574110_703,Getemil,,,https://getemil.io,2025-03-21T04:32:54.110Z,2025-03-21T04:32:54.110Z
company_1742531574111_361,Getpocket,,,https://getpocket.com/,2025-03-21T04:32:54.111Z,2025-03-21T04:32:54.111Z
company_1742531574125_299,Glockapps,,,https://glockapps.com/,2025-03-21T04:32:54.125Z,2025-03-21T04:32:54.125Z
company_1742531574126_741,Gosh,,,https://gosh.app,2025-03-21T04:32:54.126Z,2025-03-21T04:32:54.126Z
company_1742531574126_132,Gpt,,,https://gpt.space/,2025-03-21T04:32:54.126Z,2025-03-21T04:32:54.126Z
company_1742531574127_469,Gptexcel,,,https://gptexcel.com,2025-03-21T04:32:54.127Z,2025-03-21T04:32:54.127Z
company_1742531574128_498,Gptforwork,,,https://gptforwork.com,2025-03-21T04:32:54.128Z,2025-03-21T04:32:54.128Z
company_1742531574129_464,Gpthelp,,,https://gpthelp.ai/,2025-03-21T04:32:54.129Z,2025-03-21T04:32:54.129Z
company_1742531574130_210,Gummysearch,,,https://gummysearch.com/,2025-03-21T04:32:54.130Z,2025-03-21T04:32:54.130Z
company_1742531574130_836,Hailo,,,https://hailo.ai/,2025-03-21T04:32:54.130Z,2025-03-21T04:32:54.130Z
company_1742531574131_324,Haveibeentrained,,,https://haveibeentrained.com/,2025-03-21T04:32:54.131Z,2025-03-21T04:32:54.131Z
company_1742531574132_100,Deepset,,,https://haystack.deepset.ai/,2025-03-21T04:32:54.132Z,2025-03-21T04:32:54.132Z
company_1742531574133_585,Hexabot,,,https://hexabot.ai,2025-03-21T04:32:54.133Z,2025-03-21T04:32:54.133Z
company_1742531574133_876,Heyrosie,,,https://heyrosie.com/,2025-03-21T04:32:54.133Z,2025-03-21T04:32:54.133Z
company_1742531574134_470,Hivecell,,,https://hivecell.com,2025-03-21T04:32:54.134Z,2025-03-21T04:32:54.134Z
company_1742531574135_166,Hiverhq,,,https://hiverhq.com/,2025-03-21T04:32:54.135Z,2025-03-21T04:32:54.135Z
company_1742531574135_684,Hootsuite,,,https://hootsuite.com/,2025-03-21T04:32:54.135Z,2025-03-21T04:32:54.135Z
company_1742531574136_182,Hourone,,,https://hourone.ai/,2025-03-21T04:32:54.136Z,2025-03-21T04:32:54.136Z
company_1742531574138_720,Hunter,,,https://hunter.io/,2025-03-21T04:32:54.138Z,2025-03-21T04:32:54.138Z
company_1742531574139_405,Icoloring,,,https://icoloring.ai,2025-03-21T04:32:54.139Z,2025-03-21T04:32:54.139Z
company_1742531574140_548,Ifttt,,,https://ifttt.com/,2025-03-21T04:32:54.140Z,2025-03-21T04:32:54.140Z
company_1742531574140_780,Research,,,https://imagen.research.google/,2025-03-21T04:32:54.140Z,2025-03-21T04:32:54.140Z
company_1742531574141_208,Infermedica,,,https://infermedica.com,2025-03-21T04:32:54.141Z,2025-03-21T04:32:54.141Z
company_1742531574141_941,Inflection,,,https://inflection.ai,2025-03-21T04:32:54.141Z,2025-03-21T04:32:54.141Z
company_1742531574142_231,Inlinehelp,,,https://inlinehelp.com,2025-03-21T04:32:54.142Z,2025-03-21T04:32:54.142Z
company_1742531574143_164,Interpret,,,https://interpret.ml/,2025-03-21T04:32:54.143Z,2025-03-21T04:32:54.143Z
company_1742531574144_631,Interviewsolver,,,https://interviewsolver.com,2025-03-21T04:32:54.144Z,2025-03-21T04:32:54.144Z
company_1742531574144_171,Iris,,,https://iris.ai,2025-03-21T04:32:54.144Z,2025-03-21T04:32:54.144Z
company_1742531574146_748,Kafkai,,,https://kafkai.com/,2025-03-21T04:32:54.146Z,2025-03-21T04:32:54.146Z
company_1742531574146_985,Kahoot,,,https://kahoot.com,2025-03-21T04:32:54.146Z,2025-03-21T04:32:54.146Z
company_1742531574147_425,Keploy,,,https://keploy.io/,2025-03-21T04:32:54.147Z,2025-03-21T04:32:54.147Z
company_1742531574148_769,Keywordtool,,,https://keywordtool.io/,2025-03-21T04:32:54.148Z,2025-03-21T04:32:54.148Z
company_1742531574148_369,Konan,,,https://konan.ai,2025-03-21T04:32:54.148Z,2025-03-21T04:32:54.148Z
company_1742531574149_319,Kyndi,,,https://kyndi.com,2025-03-21T04:32:54.149Z,2025-03-21T04:32:54.149Z
company_1742531574150_395,Langfuse,,,https://langfuse.com/,2025-03-21T04:32:54.150Z,2025-03-21T04:32:54.150Z
company_1742531574150_25,Later,,,https://later.com/,2025-03-21T04:32:54.150Z,2025-03-21T04:32:54.150Z
company_1742531574151_119,Learnprompting,,,https://learnprompting.org/,2025-03-21T04:32:54.151Z,2025-03-21T04:32:54.151Z
company_1742531574152_486,Letsenhance,,,https://letsenhance.io/,2025-03-21T04:32:54.152Z,2025-03-21T04:32:54.152Z
company_1742531574152_247,Lex,,,https://lex.page,2025-03-21T04:32:54.152Z,2025-03-21T04:32:54.152Z
company_1742531574153_403,Lexica,,,https://lexica.art/,2025-03-21T04:32:54.153Z,2025-03-21T04:32:54.153Z
company_1742531574154_14,Litmus,,,https://litmus.com/builder,2025-03-21T04:32:54.154Z,2025-03-21T04:32:54.154Z
company_1742531574154_648,Lmql,,,https://lmql.ai/,2025-03-21T04:32:54.154Z,2025-03-21T04:32:54.154Z
company_1742531574156_51,Lmsys,,,https://lmsys.org/blog/2023-03-30-vicuna/,2025-03-21T04:32:54.156Z,2025-03-21T04:32:54.156Z
company_1742531574157_123,Logicballs,,,https://logicballs.com/,2025-03-21T04:32:54.157Z,2025-03-21T04:32:54.157Z
company_1742531574157_811,Looker,,,https://looker.com/,2025-03-21T04:32:54.157Z,2025-03-21T04:32:54.157Z
company_1742531574158_767,Loomly,,,https://loomly.com,2025-03-21T04:32:54.158Z,2025-03-21T04:32:54.158Z
company_1742531574159_854,Loop,,,https://loop.ai,2025-03-21T04:32:54.159Z,2025-03-21T04:32:54.159Z
company_1742531574159_543,Mailchimp,,,https://mailchimp.com/,2025-03-21T04:32:54.159Z,2025-03-21T04:32:54.159Z
company_1742531574160_556,Mailtrap,,,https://mailtrap.io/,2025-03-21T04:32:54.160Z,2025-03-21T04:32:54.160Z
company_1742531574161_650,Majestic,,,https://majestic.com/,2025-03-21T04:32:54.161Z,2025-03-21T04:32:54.161Z
company_1742531574161_772,Mangools,,,https://mangools.com/serpwatcher,2025-03-21T04:32:54.161Z,2025-03-21T04:32:54.161Z
company_1742531574162_989,Marblism,,,https://marblism.com,2025-03-21T04:32:54.162Z,2025-03-21T04:32:54.162Z
company_1742531574163_682,Mavsocial,,,https://mavsocial.com,2025-03-21T04:32:54.163Z,2025-03-21T04:32:54.163Z
company_1742531574164_344,Meetedgar,,,https://meetedgar.com,2025-03-21T04:32:54.164Z,2025-03-21T04:32:54.164Z
company_1742531574164_767,Mem,,,https://mem.ai/,2025-03-21T04:32:54.164Z,2025-03-21T04:32:54.164Z
company_1742531574165_669,Mender,,,https://mender.io,2025-03-21T04:32:54.165Z,2025-03-21T04:32:54.165Z
company_1742531574165_723,Mention,,,https://mention.com/,2025-03-21T04:32:54.165Z,2025-03-21T04:32:54.165Z
company_1742531574166_626,Mentionlytics,,,https://mentionlytics.com,2025-03-21T04:32:54.166Z,2025-03-21T04:32:54.166Z
company_1742531574166_339,Metaphor,,,https://metaphor.systems/,2025-03-21T04:32:54.166Z,2025-03-21T04:32:54.166Z
company_1742531574167_55,Meya,,,https://meya.ai/,2025-03-21T04:32:54.167Z,2025-03-21T04:32:54.167Z
company_1742531574168_690,Mindsdb,,,https://mindsdb.com,2025-03-21T04:32:54.168Z,2025-03-21T04:32:54.168Z
company_1742531574168_768,Mintlify,,,https://mintlify.com/,2025-03-21T04:32:54.168Z,2025-03-21T04:32:54.168Z
company_1742531574169_826,Missinglettr,,,https://missinglettr.com,2025-03-21T04:32:54.169Z,2025-03-21T04:32:54.169Z
company_1742531574169_551,Mixmax,,,https://mixmax.com/,2025-03-21T04:32:54.169Z,2025-03-21T04:32:54.169Z
company_1742531574170_113,Monday,,,https://monday.com/,2025-03-21T04:32:54.170Z,2025-03-21T04:32:54.170Z
company_1742531574170_462,Moz,,,https://moz.com/,2025-03-21T04:32:54.170Z,2025-03-21T04:32:54.170Z
company_1742531574172_315,Mynexusai,,,https://mynexusai.com/,2025-03-21T04:32:54.172Z,2025-03-21T04:32:54.172Z
company_1742531574172_424,N8n,,,https://n8n.io/,2025-03-21T04:32:54.172Z,2025-03-21T04:32:54.172Z
company_1742531574173_359,Narrato,,,https://narrato.io,2025-03-21T04:32:54.173Z,2025-03-21T04:32:54.173Z
company_1742531574173_385,Neeto,,,https://neeto.com/neetodesk,2025-03-21T04:32:54.173Z,2025-03-21T04:32:54.173Z
company_1742531574174_105,Nekton,,,https://nekton.ai,2025-03-21T04:32:54.174Z,2025-03-21T04:32:54.174Z
company_1742531574175_346,Apache,,,https://netbeans.apache.org/,2025-03-21T04:32:54.175Z,2025-03-21T04:32:54.175Z
company_1742531574175_881,Neuton,,,https://neuton.ai,2025-03-21T04:32:54.175Z,2025-03-21T04:32:54.175Z
company_1742531574176_720,Neverjobless,,,https://neverjobless.com/,2025-03-21T04:32:54.176Z,2025-03-21T04:32:54.176Z
company_1742531574177_813,Numerous,,,https://numerous.ai,2025-03-21T04:32:54.177Z,2025-03-21T04:32:54.177Z
company_1742531574177_191,Oneai,,,https://oneai.com,2025-03-21T04:32:54.177Z,2025-03-21T04:32:54.177Z
company_1742531574178_502,Openart,,,https://openart.ai/,2025-03-21T04:32:54.178Z,2025-03-21T04:32:54.178Z
company_1742531574179_802,Parabola,,,https://parabola.io/,2025-03-21T04:32:54.179Z,2025-03-21T04:32:54.179Z
company_1742531574180_1,Personaforce,,,https://personaforce.ai/,2025-03-21T04:32:54.180Z,2025-03-21T04:32:54.180Z
company_1742531574181_861,Persuva,,,https://persuva.ai,2025-03-21T04:32:54.181Z,2025-03-21T04:32:54.181Z
company_1742531574181_257,Pieces,,,https://pieces.app/,2025-03-21T04:32:54.181Z,2025-03-21T04:32:54.181Z
company_1742531574182_810,Piktochart,,,https://piktochart.com/,2025-03-21T04:32:54.182Z,2025-03-21T04:32:54.182Z
company_1742531574183_350,Pipedream,,,https://pipedream.com/,2025-03-21T04:32:54.183Z,2025-03-21T04:32:54.183Z
company_1742531574183_326,Pitchbox,,,https://pitchbox.com/,2025-03-21T04:32:54.183Z,2025-03-21T04:32:54.183Z
company_1742531574184_752,Piwik,,,https://piwik.pro/,2025-03-21T04:32:54.184Z,2025-03-21T04:32:54.184Z
company_1742531574184_575,Pixelz,,,https://pixelz.ai/,2025-03-21T04:32:54.184Z,2025-03-21T04:32:54.184Z
company_1742531574185_460,Pixvify,,,https://pixvify.com/,2025-03-21T04:32:54.185Z,2025-03-21T04:32:54.185Z
company_1742531574185_755,Planable,,,https://planable.io,2025-03-21T04:32:54.185Z,2025-03-21T04:32:54.185Z
company_1742531574186_108,Play,,,https://play.ht/,2025-03-21T04:32:54.186Z,2025-03-21T04:32:54.186Z
company_1742531574187_961,Playgroundai,,,https://playgroundai.com/,2025-03-21T04:32:54.187Z,2025-03-21T04:32:54.187Z
company_1742531574187_526,Podcast,,,https://podcast.ai/,2025-03-21T04:32:54.187Z,2025-03-21T04:32:54.187Z
company_1742531574188_336,Poly,,,https://poly.ai,2025-03-21T04:32:54.188Z,2025-03-21T04:32:54.188Z
company_1742531574188_300,Portkey,,,https://portkey.ai/,2025-03-21T04:32:54.188Z,2025-03-21T04:32:54.188Z
company_1742531574189_898,Postplanner,,,https://postplanner.com,2025-03-21T04:32:54.189Z,2025-03-21T04:32:54.189Z
company_1742531574190_678,Postwise,,,https://postwise.ai/,2025-03-21T04:32:54.190Z,2025-03-21T04:32:54.190Z
company_1742531574191_616,Predis,,,https://predis.ai,2025-03-21T04:32:54.191Z,2025-03-21T04:32:54.191Z
company_1742531574191_972,Prisma-ai,,,https://prisma-ai.com/lensa,2025-03-21T04:32:54.191Z,2025-03-21T04:32:54.191Z
company_1742531574192_677,Promorepublic,,,https://promorepublic.com,2025-03-21T04:32:54.192Z,2025-03-21T04:32:54.192Z
company_1742531574193_406,Promptbase,,,https://promptbase.com/,2025-03-21T04:32:54.193Z,2025-03-21T04:32:54.193Z
company_1742531574193_99,Promptloop,,,https://promptloop.com,2025-03-21T04:32:54.193Z,2025-03-21T04:32:54.193Z
company_1742531574194_953,Prowritingaid,,,https://prowritingaid.com/,2025-03-21T04:32:54.194Z,2025-03-21T04:32:54.194Z
company_1742531574195_543,Publer,,,https://publer.io,2025-03-21T04:32:54.195Z,2025-03-21T04:32:54.195Z
company_1742531574195_92,Publicprompts,,,https://publicprompts.art/,2025-03-21T04:32:54.195Z,2025-03-21T04:32:54.195Z
company_1742531574196_811,Pulsepost,,,https://pulsepost.io/,2025-03-21T04:32:54.196Z,2025-03-21T04:32:54.196Z
company_1742531574197_220,Quickcreator,,,https://quickcreator.io,2025-03-21T04:32:54.197Z,2025-03-21T04:32:54.197Z
company_1742531574197_941,Quuu,,,https://quuu.co,2025-03-21T04:32:54.197Z,2025-03-21T04:32:54.197Z
company_1742531574198_377,Rainbird,,,https://rainbird.ai,2025-03-21T04:32:54.198Z,2025-03-21T04:32:54.198Z
company_1742531574199_553,Rakutenadvertising,,,https://rakutenadvertising.com/,2025-03-21T04:32:54.199Z,2025-03-21T04:32:54.199Z
company_1742531574199_467,Rankmath,,,https://rankmath.com/,2025-03-21T04:32:54.199Z,2025-03-21T04:32:54.199Z
company_1742531574200_294,Recast,,,https://recast.studio,2025-03-21T04:32:54.200Z,2025-03-21T04:32:54.200Z
company_1742531574200_559,Reclaim,,,https://reclaim.ai/,2025-03-21T04:32:54.200Z,2025-03-21T04:32:54.200Z
company_1742531574201_624,Recurpost,,,https://recurpost.com,2025-03-21T04:32:54.201Z,2025-03-21T04:32:54.201Z
company_1742531574201_455,Refact,,,https://refact.ai/,2025-03-21T04:32:54.201Z,2025-03-21T04:32:54.201Z
company_1742531574202_204,Republiclabs,,,https://republiclabs.ai/,2025-03-21T04:32:54.202Z,2025-03-21T04:32:54.202Z
company_1742531574203_693,Roomreinvented,,,https://roomreinvented.com,2025-03-21T04:32:54.203Z,2025-03-21T04:32:54.203Z
company_1742531574203_682,Rundiffusion,,,https://rundiffusion.com/,2025-03-21T04:32:54.203Z,2025-03-21T04:32:54.203Z
company_1742531574204_366,Sapling,,,https://sapling.ai/,2025-03-21T04:32:54.204Z,2025-03-21T04:32:54.204Z
company_1742531574205_200,Scale,,,https://scale.com/spellbook,2025-03-21T04:32:54.205Z,2025-03-21T04:32:54.205Z
company_1742531574206_97,Segment,,,https://segment.com/,2025-03-21T04:32:54.206Z,2025-03-21T04:32:54.206Z
company_1742531574206_765,Sendible,,,https://sendible.com,2025-03-21T04:32:54.206Z,2025-03-21T04:32:54.206Z
company_1742531574207_175,Sensiml,,,https://sensiml.com,2025-03-21T04:32:54.207Z,2025-03-21T04:32:54.207Z
company_1742531574207_880,Seranking,,,https://seranking.com/,2025-03-21T04:32:54.207Z,2025-03-21T04:32:54.207Z
company_1742531574209_811,Shortgen,,,https://shortgen.video/,2025-03-21T04:32:54.209Z,2025-03-21T04:32:54.209Z
company_1742531574210_119,Shotstack,,,https://shotstack.io/product/workflows/,2025-03-21T04:32:54.210Z,2025-03-21T04:32:54.210Z
company_1742531574210_385,Sima,,,https://sima.ai,2025-03-21T04:32:54.210Z,2025-03-21T04:32:54.210Z
company_1742531574211_216,Singlebase,,,https://singlebase.cloud,2025-03-21T04:32:54.211Z,2025-03-21T04:32:54.211Z
company_1742531574212_148,Sitebulb,,,https://sitebulb.com/,2025-03-21T04:32:54.212Z,2025-03-21T04:32:54.212Z
company_1742531574213_546,Sitegpt,,,https://sitegpt.ai/,2025-03-21T04:32:54.213Z,2025-03-21T04:32:54.213Z
company_1742531574213_182,Sitespeak,,,https://sitespeak.ai,2025-03-21T04:32:54.213Z,2025-03-21T04:32:54.213Z
company_1742531574214_550,Smarterqueue,,,https://smarterqueue.com,2025-03-21T04:32:54.214Z,2025-03-21T04:32:54.214Z
company_1742531574214_939,Socialbee,,,https://socialbee.io/,2025-03-21T04:32:54.214Z,2025-03-21T04:32:54.214Z
company_1742531574215_695,Socialoomph,,,https://socialoomph.com,2025-03-21T04:32:54.215Z,2025-03-21T04:32:54.215Z
company_1742531574216_736,Socialpilot,,,https://socialpilot.co,2025-03-21T04:32:54.216Z,2025-03-21T04:32:54.216Z
company_1742531574216_910,Socialsonic,,,https://socialsonic.com,2025-03-21T04:32:54.216Z,2025-03-21T04:32:54.216Z
company_1742531574217_421,Intel,,,https://software.intel.com/content/www/us/en/develop/hardware/neural-compute-stick.html,2025-03-21T04:32:54.217Z,2025-03-21T04:32:54.217Z
company_1742531574217_591,Sorcero,,,https://sorcero.com,2025-03-21T04:32:54.217Z,2025-03-21T04:32:54.217Z
company_1742531574218_149,Sproutsocial,,,https://sproutsocial.com/,2025-03-21T04:32:54.218Z,2025-03-21T04:32:54.218Z
company_1742531574219_611,Squoosh,,,https://squoosh.app/,2025-03-21T04:32:54.219Z,2025-03-21T04:32:54.219Z
company_1742531574220_439,Stablehorde,,,https://stablehorde.net/,2025-03-21T04:32:54.220Z,2025-03-21T04:32:54.220Z
company_1742531574221_672,Stenography,,,https://stenography.dev/,2025-03-21T04:32:54.221Z,2025-03-21T04:32:54.221Z
company_1742531574221_843,Stripo,,,https://stripo.email/,2025-03-21T04:32:54.221Z,2025-03-21T04:32:54.221Z
company_1742531574222_557,Supermetrics,,,https://supermetrics.com/,2025-03-21T04:32:54.222Z,2025-03-21T04:32:54.222Z
company_1742531574223_637,Synerise,,,https://synerise.com,2025-03-21T04:32:54.223Z,2025-03-21T04:32:54.223Z
company_1742531574223_526,Synup,,,https://synup.com/,2025-03-21T04:32:54.223Z,2025-03-21T04:32:54.223Z
company_1742531574224_500,Tactiq,,,https://tactiq.io/,2025-03-21T04:32:54.224Z,2025-03-21T04:32:54.224Z
company_1742531574225_217,Tallyfy,,,https://tallyfy.com/,2025-03-21T04:32:54.225Z,2025-03-21T04:32:54.225Z
company_1742531574225_538,Tapfiliate,,,https://tapfiliate.com/,2025-03-21T04:32:54.225Z,2025-03-21T04:32:54.225Z
company_1742531574226_682,Taplio,,,https://taplio.com,2025-03-21T04:32:54.226Z,2025-03-21T04:32:54.226Z
company_1742531574226_244,Telborg,,,https://telborg.com/,2025-03-21T04:32:54.226Z,2025-03-21T04:32:54.226Z
company_1742531574227_886,Tenstorrent,,,https://tenstorrent.com/,2025-03-21T04:32:54.227Z,2025-03-21T04:32:54.227Z
company_1742531574228_595,Textio,,,https://textio.com/,2025-03-21T04:32:54.228Z,2025-03-21T04:32:54.228Z
company_1742531574228_249,Thebcms,,,https://thebcms.com/,2025-03-21T04:32:54.228Z,2025-03-21T04:32:54.228Z
company_1742531574229_786,Thisimagedoesnotexist,,,https://thisimagedoesnotexist.com/,2025-03-21T04:32:54.229Z,2025-03-21T04:32:54.229Z
company_1742531574229_326,Tiledesk,,,https://tiledesk.com/,2025-03-21T04:32:54.229Z,2025-03-21T04:32:54.229Z
company_1742531574230_645,Tinypng,,,https://tinypng.com/,2025-03-21T04:32:54.230Z,2025-03-21T04:32:54.230Z
company_1742531574230_141,Tray,,,https://tray.io/,2025-03-21T04:32:54.230Z,2025-03-21T04:32:54.230Z
company_1742531574231_824,Trello,,,https://trello.com/,2025-03-21T04:32:54.231Z,2025-03-21T04:32:54.231Z
company_1742531574232_392,Truera,,,https://truera.com,2025-03-21T04:32:54.232Z,2025-03-21T04:32:54.232Z
company_1742531574232_157,Tweethunter,,,https://tweethunter.io,2025-03-21T04:32:54.232Z,2025-03-21T04:32:54.232Z
company_1742531574233_309,Unbounce,,,https://unbounce.com/,2025-03-21T04:32:54.233Z,2025-03-21T04:32:54.233Z
company_1742531574233_187,Vanceai,,,https://vanceai.com/,2025-03-21T04:32:54.233Z,2025-03-21T04:32:54.233Z
company_1742531574234_697,Vectorart,,,https://vectorart.ai,2025-03-21T04:32:54.234Z,2025-03-21T04:32:54.234Z
company_1742531574235_554,Viso,,,https://viso.ai,2025-03-21T04:32:54.235Z,2025-03-21T04:32:54.235Z
company_1742531574235_613,Vistasocial,,,https://vistasocial.com,2025-03-21T04:32:54.235Z,2025-03-21T04:32:54.235Z
company_1742531574236_239,Vwo,,,https://vwo.com/,2025-03-21T04:32:54.236Z,2025-03-21T04:32:54.236Z
company_1742531574237_512,Wellsaidlabs,,,https://wellsaidlabs.com/,2025-03-21T04:32:54.237Z,2025-03-21T04:32:54.237Z
company_1742531574237_601,Whitespark,,,https://whitespark.ca/,2025-03-21T04:32:54.237Z,2025-03-21T04:32:54.237Z
company_1742531574238_36,Whylabs,,,https://whylabs.ai,2025-03-21T04:32:54.238Z,2025-03-21T04:32:54.238Z
company_1742531574238_134,Wordpress,,,https://wordpress.com/,2025-03-21T04:32:54.238Z,2025-03-21T04:32:54.238Z
company_1742531574240_857,Accuranker,,,https://www.accuranker.com/,2025-03-21T04:32:54.240Z,2025-03-21T04:32:54.240Z
company_1742531574240_732,Activecampaign,,,https://www.activecampaign.com/,2025-03-21T04:32:54.240Z,2025-03-21T04:32:54.240Z
company_1742531574241_852,Activepieces,,,https://www.activepieces.com/,2025-03-21T04:32:54.241Z,2025-03-21T04:32:54.241Z
company_1742531574242_843,Adaptiveinsights,,,https://www.adaptiveinsights.com/,2025-03-21T04:32:54.242Z,2025-03-21T04:32:54.242Z
company_1742531574242_735,Adept,,,https://www.adept.ai,2025-03-21T04:32:54.242Z,2025-03-21T04:32:54.242Z
company_1742531574243_233,Adlinktech,,,https://www.adlinktech.com/en/edge-solutions,2025-03-21T04:32:54.243Z,2025-03-21T04:32:54.243Z
company_1742531574245_546,Adroll,,,https://www.adroll.com/,2025-03-21T04:32:54.245Z,2025-03-21T04:32:54.245Z
company_1742531574245_395,Adthrive,,,https://www.adthrive.com/,2025-03-21T04:32:54.245Z,2025-03-21T04:32:54.245Z
company_1742531574246_65,Adyoulike,,,https://www.adyoulike.com/,2025-03-21T04:32:54.246Z,2025-03-21T04:32:54.246Z
company_1742531574247_459,Ai2sql,,,https://www.ai2sql.io/,2025-03-21T04:32:54.247Z,2025-03-21T04:32:54.247Z
company_1742531574248_799,Aidbase,,,https://www.aidbase.ai,2025-03-21T04:32:54.248Z,2025-03-21T04:32:54.248Z
company_1742531574248_267,Aipoemgenerator,,,https://www.aipoemgenerator.org,2025-03-21T04:32:54.248Z,2025-03-21T04:32:54.248Z
company_1742531574249_66,Akraino,,,https://www.akraino.org,2025-03-21T04:32:54.249Z,2025-03-21T04:32:54.249Z
company_1742531574250_532,Alteryx,,,https://www.alteryx.com/,2025-03-21T04:32:54.250Z,2025-03-21T04:32:54.250Z
company_1742531574250_762,Alwaysai,,,https://www.alwaysai.co,2025-03-21T04:32:54.250Z,2025-03-21T04:32:54.250Z
company_1742531574251_633,Appnexus,,,https://www.appnexus.com/,2025-03-21T04:32:54.251Z,2025-03-21T04:32:54.251Z
company_1742531574252_997,Arago,,,https://www.arago.co,2025-03-21T04:32:54.252Z,2025-03-21T04:32:54.252Z
company_1742531574252_465,Arm,,,https://www.arm.com/,2025-03-21T04:32:54.252Z,2025-03-21T04:32:54.252Z
company_1742531574253_662,Artbreeder,,,https://www.artbreeder.com/,2025-03-21T04:32:54.253Z,2025-03-21T04:32:54.253Z
company_1742531574254_800,Arthur,,,https://www.arthur.ai,2025-03-21T04:32:54.254Z,2025-03-21T04:32:54.254Z
company_1742531574254_556,Artificial-solutions,,,https://www.artificial-solutions.com/teneo,2025-03-21T04:32:54.254Z,2025-03-21T04:32:54.254Z
company_1742531574255_645,Aspireiq,,,https://www.aspireiq.com/,2025-03-21T04:32:54.255Z,2025-03-21T04:32:54.255Z
company_1742531574256_274,Assemblyai,,,https://www.assemblyai.com,2025-03-21T04:32:54.256Z,2025-03-21T04:32:54.256Z
company_1742531574256_110,Atlassian,,,https://www.atlassian.com/software/confluence,2025-03-21T04:32:54.256Z,2025-03-21T04:32:54.256Z
company_1742531574257_347,Aweber,,,https://www.aweber.com/,2025-03-21T04:32:54.257Z,2025-03-21T04:32:54.257Z
company_1742531574258_420,Ayanza,,,https://www.ayanza.com/,2025-03-21T04:32:54.258Z,2025-03-21T04:32:54.258Z
company_1742531574258_832,Ayasdi,,,https://www.ayasdi.com,2025-03-21T04:32:54.258Z,2025-03-21T04:32:54.258Z
company_1742531574259_767,Babylonhealth,,,https://www.babylonhealth.com,2025-03-21T04:32:54.259Z,2025-03-21T04:32:54.259Z
company_1742531574260_880,Balena,,,https://www.balena.io/,2025-03-21T04:32:54.260Z,2025-03-21T04:32:54.260Z
company_1742531574260_498,Basedlabs,,,https://www.basedlabs.ai/,2025-03-21T04:32:54.260Z,2025-03-21T04:32:54.260Z
company_1742531574261_853,Bayesialab,,,https://www.bayesialab.com,2025-03-21T04:32:54.261Z,2025-03-21T04:32:54.261Z
company_1742531574262_43,Beatoven,,,https://www.beatoven.ai,2025-03-21T04:32:54.262Z,2025-03-21T04:32:54.262Z
company_1742531574263_324,Blackheadshots,,,https://www.blackheadshots.com,2025-03-21T04:32:54.263Z,2025-03-21T04:32:54.263Z
company_1742531574263_616,Blaize,,,https://www.blaize.com,2025-03-21T04:32:54.263Z,2025-03-21T04:32:54.263Z
company_1742531574264_241,Boomeranggmail,,,https://www.boomeranggmail.com/,2025-03-21T04:32:54.264Z,2025-03-21T04:32:54.264Z
company_1742531574265_771,Boomy,,,https://www.boomy.com,2025-03-21T04:32:54.265Z,2025-03-21T04:32:54.265Z
company_1742531574265_337,Bosch-iot-suite,,,https://www.bosch-iot-suite.com/iot-edge,2025-03-21T04:32:54.265Z,2025-03-21T04:32:54.265Z
company_1742531574266_413,Brandwatch,,,https://www.brandwatch.com/,2025-03-21T04:32:54.266Z,2025-03-21T04:32:54.266Z
company_1742531574266_896,Brightlocal,,,https://www.brightlocal.com/,2025-03-21T04:32:54.266Z,2025-03-21T04:32:54.266Z
company_1742531574267_749,Buzzstream,,,https://www.buzzstream.com/,2025-03-21T04:32:54.267Z,2025-03-21T04:32:54.267Z
company_1742531574268_744,Bytedance,,,https://www.bytedance.com/doubao,2025-03-21T04:32:54.268Z,2025-03-21T04:32:54.268Z
company_1742531574268_164,Campaignmonitor,,,https://www.campaignmonitor.com/,2025-03-21T04:32:54.268Z,2025-03-21T04:32:54.268Z
company_1742531574269_671,Canto,,,https://www.canto.com/,2025-03-21T04:32:54.269Z,2025-03-21T04:32:54.269Z
company_1742531574269_838,Catalytic,,,https://www.catalytic.com,2025-03-21T04:32:54.269Z,2025-03-21T04:32:54.269Z
company_1742531574270_118,Causalens,,,https://www.causalens.com,2025-03-21T04:32:54.270Z,2025-03-21T04:32:54.270Z
company_1742531574270_154,Celoxis,,,https://www.celoxis.com,2025-03-21T04:32:54.270Z,2025-03-21T04:32:54.270Z
company_1742531574272_381,Chatfuel,,,https://www.chatfuel.com/,2025-03-21T04:32:54.272Z,2025-03-21T04:32:54.272Z
company_1742531574272_556,Chatpdf,,,https://www.chatpdf.com/,2025-03-21T04:32:54.272Z,2025-03-21T04:32:54.272Z
company_1742531574273_11,Cisco,,,https://www.cisco.com/c/en/us/products/cloud-systems-management/iox/index.html,2025-03-21T04:32:54.273Z,2025-03-21T04:32:54.273Z
company_1742531574273_201,Cj,,,https://www.cj.com/,2025-03-21T04:32:54.273Z,2025-03-21T04:32:54.273Z
company_1742531574274_664,Clarifai,,,https://www.clarifai.com/,2025-03-21T04:32:54.274Z,2025-03-21T04:32:54.274Z
company_1742531574274_43,Clearblade,,,https://www.clearblade.com,2025-03-21T04:32:54.274Z,2025-03-21T04:32:54.274Z
company_1742531574275_302,Clearscope,,,https://www.clearscope.io/,2025-03-21T04:32:54.275Z,2025-03-21T04:32:54.275Z
company_1742531574275_43,Clickable,,,https://www.clickable.so/,2025-03-21T04:32:54.275Z,2025-03-21T04:32:54.275Z
company_1742531574276_605,Cloverpop,,,https://www.cloverpop.com,2025-03-21T04:32:54.276Z,2025-03-21T04:32:54.276Z
company_1742531574277_965,Cogram,,,https://www.cogram.com/,2025-03-21T04:32:54.277Z,2025-03-21T04:32:54.277Z
company_1742531574278_356,Compose,,,https://www.compose.ai/,2025-03-21T04:32:54.278Z,2025-03-21T04:32:54.278Z
company_1742531574278_426,Copy,,,https://www.copy.ai/,2025-03-21T04:32:54.278Z,2025-03-21T04:32:54.278Z
company_1742531574279_106,Crayon,,,https://www.crayon.co/,2025-03-21T04:32:54.279Z,2025-03-21T04:32:54.279Z
company_1742531574280_900,Crazyegg,,,https://www.crazyegg.com/,2025-03-21T04:32:54.280Z,2025-03-21T04:32:54.280Z
company_1742531574280_888,Credo,,,https://www.credo.ai,2025-03-21T04:32:54.280Z,2025-03-21T04:32:54.280Z
company_1742531574281_655,Crimsonhexagon,,,https://www.crimsonhexagon.com/,2025-03-21T04:32:54.281Z,2025-03-21T04:32:54.281Z
company_1742531574281_363,Criteo,,,https://www.criteo.com/,2025-03-21T04:32:54.281Z,2025-03-21T04:32:54.281Z
company_1742531574282_148,Cyc,,,https://www.cyc.com,2025-03-21T04:32:54.282Z,2025-03-21T04:32:54.282Z
company_1742531574283_710,Deepcode,,,https://www.deepcode.ai/,2025-03-21T04:32:54.283Z,2025-03-21T04:32:54.283Z
company_1742531574283_433,Deepcrawl,,,https://www.deepcrawl.com/,2025-03-21T04:32:54.283Z,2025-03-21T04:32:54.283Z
company_1742531574285_149,Dell,,,https://www.dell.com/en-us/work/learn/edge-gateway,2025-03-21T04:32:54.285Z,2025-03-21T04:32:54.285Z
company_1742531574285_918,D-id,,,https://www.d-id.com/,2025-03-21T04:32:54.285Z,2025-03-21T04:32:54.285Z
company_1742531574286_360,Diffbot,,,https://www.diffbot.com,2025-03-21T04:32:54.286Z,2025-03-21T04:32:54.286Z
company_1742531574287_758,Dominodatalab,,,https://www.dominodatalab.com,2025-03-21T04:32:54.287Z,2025-03-21T04:32:54.287Z
company_1742531574287_461,Domo,,,https://www.domo.com/,2025-03-21T04:32:54.287Z,2025-03-21T04:32:54.287Z
company_1742531574288_146,Dragapp,,,https://www.dragapp.com/,2025-03-21T04:32:54.288Z,2025-03-21T04:32:54.288Z
company_1742531574288_463,Drift,,,https://www.drift.com/,2025-03-21T04:32:54.288Z,2025-03-21T04:32:54.288Z
company_1742531574289_889,Drip,,,https://www.drip.com/,2025-03-21T04:32:54.289Z,2025-03-21T04:32:54.289Z
company_1742531574289_195,Drools,,,https://www.drools.org,2025-03-21T04:32:54.289Z,2025-03-21T04:32:54.289Z
company_1742531574290_142,Drupal,,,https://www.drupal.org/,2025-03-21T04:32:54.290Z,2025-03-21T04:32:54.290Z
company_1742531574290_716,Dynamicyield,,,https://www.dynamicyield.com/,2025-03-21T04:32:54.290Z,2025-03-21T04:32:54.290Z
company_1742531574291_990,Easyredmine,,,https://www.easyredmine.com/,2025-03-21T04:32:54.291Z,2025-03-21T04:32:54.291Z
company_1742531574292_729,Eclipse,,,https://www.eclipse.org/,2025-03-21T04:32:54.292Z,2025-03-21T04:32:54.292Z
company_1742531574293_481,Ecrettmusic,,,https://www.ecrettmusic.com,2025-03-21T04:32:54.293Z,2025-03-21T04:32:54.293Z
company_1742531574293_879,Edgeimpulse,,,https://www.edgeimpulse.com/,2025-03-21T04:32:54.293Z,2025-03-21T04:32:54.293Z
company_1742531574294_456,Edgexfoundry,,,https://www.edgexfoundry.org,2025-03-21T04:32:54.294Z,2025-03-21T04:32:54.294Z
company_1742531574295_825,Emailtriager,,,https://www.emailtriager.com/,2025-03-21T04:32:54.295Z,2025-03-21T04:32:54.295Z
company_1742531574295_415,Examsamur,,,https://www.examsamur.ai/,2025-03-21T04:32:54.295Z,2025-03-21T04:32:54.295Z
company_1742531574296_230,Expert,,,https://www.expert.ai,2025-03-21T04:32:54.296Z,2025-03-21T04:32:54.296Z
company_1742531574296_67,Explainpaper,,,https://www.explainpaper.com/,2025-03-21T04:32:54.296Z,2025-03-21T04:32:54.296Z
company_1742531574297_245,Fico,,,https://www.fico.com/en/products/fico-analytics-workbench,2025-03-21T04:32:54.297Z,2025-03-21T04:32:54.297Z
company_1742531574298_818,Fiddler,,,https://www.fiddler.ai,2025-03-21T04:32:54.298Z,2025-03-21T04:32:54.298Z
company_1742531574298_766,Flick,,,https://www.flick.tech,2025-03-21T04:32:54.298Z,2025-03-21T04:32:54.298Z
company_1742531574299_747,Forecast,,,https://www.forecast.app,2025-03-21T04:32:54.299Z,2025-03-21T04:32:54.299Z
company_1742531574300_494,Formulaboost,,,https://www.formulaboost.com,2025-03-21T04:32:54.300Z,2025-03-21T04:32:54.300Z
company_1742531574300_657,Genei,,,https://www.genei.io,2025-03-21T04:32:54.300Z,2025-03-21T04:32:54.300Z
company_1742531574301_59,Getclockwise,,,https://www.getclockwise.com/,2025-03-21T04:32:54.301Z,2025-03-21T04:32:54.301Z
company_1742531574301_844,Getezjobs,,,https://www.getezjobs.com/,2025-03-21T04:32:54.301Z,2025-03-21T04:32:54.301Z
company_1742531574302_906,Getmaxim,,,https://www.getmaxim.ai/,2025-03-21T04:32:54.302Z,2025-03-21T04:32:54.302Z
company_1742531574302_846,Getrecall,,,https://www.getrecall.ai/,2025-03-21T04:32:54.302Z,2025-03-21T04:32:54.302Z
company_1742531574303_248,Getresponse,,,https://www.getresponse.com/,2025-03-21T04:32:54.303Z,2025-03-21T04:32:54.303Z
company_1742531574304_32,Getrupert,,,https://www.getrupert.com/,2025-03-21T04:32:54.304Z,2025-03-21T04:32:54.304Z
company_1742531574304_92,Getwhys,,,https://www.getwhys.io/compass,2025-03-21T04:32:54.304Z,2025-03-21T04:32:54.304Z
company_1742531574305_440,Gistai,,,https://www.gistai.tech,2025-03-21T04:32:54.305Z,2025-03-21T04:32:54.305Z
company_1742531574305_609,Gliffy,,,https://www.gliffy.com/,2025-03-21T04:32:54.305Z,2025-03-21T04:32:54.305Z
company_1742531574306_309,Gomoonbeam,,,https://www.gomoonbeam.com,2025-03-21T04:32:54.306Z,2025-03-21T04:32:54.306Z
company_1742531574307_836,Gradgpt,,,https://www.gradgpt.com/,2025-03-21T04:32:54.307Z,2025-03-21T04:32:54.307Z
company_1742531574307_432,Gravio,,,https://www.gravio.com/,2025-03-21T04:32:54.307Z,2025-03-21T04:32:54.307Z
company_1742531574308_970,Grin,,,https://www.grin.co/,2025-03-21T04:32:54.308Z,2025-03-21T04:32:54.308Z
company_1742531574309_983,Harmonai,,,https://www.harmonai.org/,2025-03-21T04:32:54.309Z,2025-03-21T04:32:54.309Z
company_1742531574309_344,Helpscout,,,https://www.helpscout.com/,2025-03-21T04:32:54.309Z,2025-03-21T04:32:54.309Z
company_1742531574310_834,Heybounce,,,https://www.heybounce.io/,2025-03-21T04:32:54.310Z,2025-03-21T04:32:54.310Z
company_1742531574311_620,Hotjar,,,https://www.hotjar.com/,2025-03-21T04:32:54.311Z,2025-03-21T04:32:54.311Z
company_1742531574313_727,Ibisworld,,,https://www.ibisworld.com/,2025-03-21T04:32:54.313Z,2025-03-21T04:32:54.313Z
company_1742531574315_650,Inbenta,,,https://www.inbenta.com,2025-03-21T04:32:54.315Z,2025-03-21T04:32:54.315Z
company_1742531574316_47,Intercom,,,https://www.intercom.com/,2025-03-21T04:32:54.316Z,2025-03-21T04:32:54.316Z
company_1742531574317_249,Interviews,,,https://www.interviews.chat/,2025-03-21T04:32:54.317Z,2025-03-21T04:32:54.317Z
company_1742531574317_503,Itsdart,,,https://www.itsdart.com/,2025-03-21T04:32:54.317Z,2025-03-21T04:32:54.317Z
company_1742531574318_240,Jetbrains,,,https://www.jetbrains.com/ai/,2025-03-21T04:32:54.318Z,2025-03-21T04:32:54.318Z
company_1742531574320_675,Joomla,,,https://www.joomla.org/,2025-03-21T04:32:54.320Z,2025-03-21T04:32:54.320Z
company_1742531574321_797,Klaviyo,,,https://www.klaviyo.com/,2025-03-21T04:32:54.321Z,2025-03-21T04:32:54.321Z
company_1742531574321_727,Klipfolio,,,https://www.klipfolio.com/,2025-03-21T04:32:54.321Z,2025-03-21T04:32:54.321Z
company_1742531574322_20,Kneron,,,https://www.kneron.com,2025-03-21T04:32:54.322Z,2025-03-21T04:32:54.322Z
company_1742531574323_411,Knime,,,https://www.knime.com,2025-03-21T04:32:54.323Z,2025-03-21T04:32:54.323Z
company_1742531574323_45,Kompyte,,,https://www.kompyte.com/,2025-03-21T04:32:54.323Z,2025-03-21T04:32:54.323Z
company_1742531574324_509,Krea,,,https://www.krea.ai/,2025-03-21T04:32:54.324Z,2025-03-21T04:32:54.324Z
company_1742531574324_65,Lalal,,,https://www.lalal.ai,2025-03-21T04:32:54.324Z,2025-03-21T04:32:54.324Z
company_1742531574325_167,Lately,,,https://www.lately.ai/,2025-03-21T04:32:54.325Z,2025-03-21T04:32:54.325Z
company_1742531574326_220,Lavender,,,https://www.lavender.ai/,2025-03-21T04:32:54.326Z,2025-03-21T04:32:54.326Z
company_1742531574327_973,Leadfeeder,,,https://www.leadfeeder.com/,2025-03-21T04:32:54.327Z,2025-03-21T04:32:54.327Z
company_1742531574328_620,Lenovo,,,https://www.lenovo.com/us/en/data-center/solutions/edge-computing/thinkedge,2025-03-21T04:32:54.328Z,2025-03-21T04:32:54.328Z
company_1742531574328_495,Liquidplanner,,,https://www.liquidplanner.com,2025-03-21T04:32:54.328Z,2025-03-21T04:32:54.328Z
company_1742531574329_660,Llamaindex,,,https://www.llamaindex.ai/,2025-03-21T04:32:54.329Z,2025-03-21T04:32:54.329Z
company_1742531574330_403,Logicnets,,,https://www.logicnets.com,2025-03-21T04:32:54.330Z,2025-03-21T04:32:54.330Z
company_1742531574330_426,Loopinhq,,,https://www.loopinhq.com/,2025-03-21T04:32:54.330Z,2025-03-21T04:32:54.330Z
company_1742531574331_410,Loudly,,,https://www.loudly.com,2025-03-21T04:32:54.331Z,2025-03-21T04:32:54.331Z
company_1742531574331_259,Lucid,,,https://www.lucid.ai,2025-03-21T04:32:54.331Z,2025-03-21T04:32:54.331Z
company_1742531574332_198,Lucidchart,,,https://www.lucidchart.com/,2025-03-21T04:32:54.332Z,2025-03-21T04:32:54.332Z
company_1742531574333_1,Luzmo,,,https://www.luzmo.com/,2025-03-21T04:32:54.333Z,2025-03-21T04:32:54.333Z
company_1742531574333_856,Mage,,,https://www.mage.ai,2025-03-21T04:32:54.333Z,2025-03-21T04:32:54.333Z
company_1742531574334_640,Magiceraser,,,https://www.magiceraser.io/,2025-03-21T04:32:54.334Z,2025-03-21T04:32:54.334Z
company_1742531574334_400,Mailjet,,,https://www.mailjet.com/,2025-03-21T04:32:54.334Z,2025-03-21T04:32:54.334Z
company_1742531574335_349,Marinsoftware,,,https://www.marinsoftware.com/,2025-03-21T04:32:54.335Z,2025-03-21T04:32:54.335Z
company_1742531574335_640,Marketmuse,,,https://www.marketmuse.com/,2025-03-21T04:32:54.335Z,2025-03-21T04:32:54.335Z
company_1742531574336_301,Mavenlink,,,https://www.mavenlink.com,2025-03-21T04:32:54.336Z,2025-03-21T04:32:54.336Z
company_1742531574337_571,Mediamath,,,https://www.mediamath.com/,2025-03-21T04:32:54.337Z,2025-03-21T04:32:54.337Z
company_1742531574337_585,Meltwater,,,https://www.meltwater.com/,2025-03-21T04:32:54.337Z,2025-03-21T04:32:54.337Z
company_1742531574338_774,Mimik,,,https://www.mimik.com,2025-03-21T04:32:54.338Z,2025-03-21T04:32:54.338Z
company_1742531574339_77,Mindbridge,,,https://www.mindbridge.ai,2025-03-21T04:32:54.339Z,2025-03-21T04:32:54.339Z
company_1742531574339_264,Mindmeld,,,https://www.mindmeld.com,2025-03-21T04:32:54.339Z,2025-03-21T04:32:54.339Z
company_1742531574340_1,Modelop,,,https://www.modelop.com,2025-03-21T04:32:54.340Z,2025-03-21T04:32:54.340Z
company_1742531574340_387,Modyfi,,,https://www.modyfi.io/,2025-03-21T04:32:54.340Z,2025-03-21T04:32:54.340Z
company_1742531574341_805,Mokkup,,,https://www.mokkup.ai/,2025-03-21T04:32:54.341Z,2025-03-21T04:32:54.341Z
company_1742531574342_738,Moonshot,,,https://www.moonshot.ai/kimi,2025-03-21T04:32:54.342Z,2025-03-21T04:32:54.342Z
company_1742531574342_634,Mubert,,,https://www.mubert.com,2025-03-21T04:32:54.342Z,2025-03-21T04:32:54.342Z
company_1742531574343_796,Mutinyhq,,,https://www.mutinyhq.com/,2025-03-21T04:32:54.343Z,2025-03-21T04:32:54.343Z
company_1742531574344_29,Namepepper,,,https://www.namepepper.com/free-tools/ai-content-prompt-tool,2025-03-21T04:32:54.344Z,2025-03-21T04:32:54.344Z
company_1742531574344_661,Napkin,,,https://www.napkin.ai/,2025-03-21T04:32:54.344Z,2025-03-21T04:32:54.344Z
company_1742531574345_206,Nativo,,,https://www.nativo.com/,2025-03-21T04:32:54.345Z,2025-03-21T04:32:54.345Z
company_1742531574345_733,Neotalogic,,,https://www.neotalogic.com,2025-03-21T04:32:54.345Z,2025-03-21T04:32:54.345Z
company_1742531574346_357,Notion,,,https://www.notion.so,2025-03-21T04:32:54.346Z,2025-03-21T04:32:54.346Z
company_1742531574347_350,Ocoya,,,https://www.ocoya.com,2025-03-21T04:32:54.347Z,2025-03-21T04:32:54.347Z
company_1742531574347_58,Onecal,,,https://www.onecal.io/,2025-03-21T04:32:54.347Z,2025-03-21T04:32:54.347Z
company_1742531574348_864,Onlyoffice,,,https://www.onlyoffice.com,2025-03-21T04:32:54.348Z,2025-03-21T04:32:54.348Z
company_1742531574349_361,Optimizely,,,https://www.optimizely.com/,2025-03-21T04:32:54.349Z,2025-03-21T04:32:54.349Z
company_1742531574350_761,Outbrain,,,https://www.outbrain.com/,2025-03-21T04:32:54.350Z,2025-03-21T04:32:54.350Z
company_1742531574350_956,Outranking,,,https://www.outranking.io/,2025-03-21T04:32:54.350Z,2025-03-21T04:32:54.350Z
company_1742531574351_747,Pagerly,,,https://www.pagerly.io,2025-03-21T04:32:54.351Z,2025-03-21T04:32:54.351Z
company_1742531574351_645,Pathfactory,,,https://www.pathfactory.com/,2025-03-21T04:32:54.351Z,2025-03-21T04:32:54.351Z
company_1742531574352_576,Pawtrait,,,https://www.pawtrait.art/,2025-03-21T04:32:54.352Z,2025-03-21T04:32:54.352Z
company_1742531574353_128,Perfectaudience,,,https://www.perfectaudience.com/,2025-03-21T04:32:54.353Z,2025-03-21T04:32:54.353Z
company_1742531574354_183,Photoroom,,,https://www.photoroom.com/,2025-03-21T04:32:54.354Z,2025-03-21T04:32:54.354Z
company_1742531574354_795,Pipedrive,,,https://www.pipedrive.com/,2025-03-21T04:32:54.354Z,2025-03-21T04:32:54.354Z
company_1742531574355_446,Planguru,,,https://www.planguru.com/,2025-03-21T04:32:54.355Z,2025-03-21T04:32:54.355Z
company_1742531574355_552,Plantphotoai,,,https://www.plantphotoai.com/,2025-03-21T04:32:54.355Z,2025-03-21T04:32:54.355Z
company_1742531574356_572,Podium,,,https://www.podium.com/,2025-03-21T04:32:54.356Z,2025-03-21T04:32:54.356Z
company_1742531574356_875,Polymersearch,,,https://www.polymersearch.com/,2025-03-21T04:32:54.356Z,2025-03-21T04:32:54.356Z
company_1742531574357_453,Predictionguard,,,https://www.predictionguard.com/,2025-03-21T04:32:54.357Z,2025-03-21T04:32:54.357Z
company_1742531574357_753,Presspulse,,,https://www.presspulse.ai/,2025-03-21T04:32:54.357Z,2025-03-21T04:32:54.357Z
company_1742531574358_665,Proofhub,,,https://www.proofhub.com,2025-03-21T04:32:54.358Z,2025-03-21T04:32:54.358Z
company_1742531574359_510,Qlik,,,https://www.qlik.com/,2025-03-21T04:32:54.359Z,2025-03-21T04:32:54.359Z
company_1742531574359_336,Qodo,,,https://www.qodo.ai/,2025-03-21T04:32:54.359Z,2025-03-21T04:32:54.359Z
company_1742531574360_660,Qualcomm,,,https://www.qualcomm.com/products/snapdragon,2025-03-21T04:32:54.360Z,2025-03-21T04:32:54.360Z
company_1742531574361_136,Qualtrics,,,https://www.qualtrics.com/,2025-03-21T04:32:54.361Z,2025-03-21T04:32:54.361Z
company_1742531574361_445,Redhat,,,https://www.redhat.com/en/technologies/cloud-computing/openshift/edge,2025-03-21T04:32:54.361Z,2025-03-21T04:32:54.361Z
company_1742531574362_272,Redwood,,,https://www.redwood.com/,2025-03-21T04:32:54.362Z,2025-03-21T04:32:54.362Z
company_1742531574362_141,Redwoodai,,,https://www.redwoodai.com/,2025-03-21T04:32:54.362Z,2025-03-21T04:32:54.362Z
company_1742531574363_409,Refersion,,,https://www.refersion.com/,2025-03-21T04:32:54.363Z,2025-03-21T04:32:54.363Z
company_1742531574363_528,Remove,,,https://www.remove.bg/,2025-03-21T04:32:54.363Z,2025-03-21T04:32:54.363Z
company_1742531574364_267,Reputology,,,https://www.reputology.com/,2025-03-21T04:32:54.364Z,2025-03-21T04:32:54.364Z
company_1742531574365_111,Resemble,,,https://www.resemble.ai/,2025-03-21T04:32:54.365Z,2025-03-21T04:32:54.365Z
company_1742531574365_942,Salesforce,,,https://www.salesforce.com/,2025-03-21T04:32:54.365Z,2025-03-21T04:32:54.365Z
company_1742531574366_708,Scalecomputing,,,https://www.scalecomputing.com/solutions/edge-computing,2025-03-21T04:32:54.366Z,2025-03-21T04:32:54.366Z
company_1742531574367_543,Scenario,,,https://www.scenario.com/,2025-03-21T04:32:54.367Z,2025-03-21T04:32:54.367Z
company_1742531574367_425,Scoop,,,https://www.scoop.it/,2025-03-21T04:32:54.367Z,2025-03-21T04:32:54.367Z
company_1742531574368_993,Scoro,,,https://www.scoro.com,2025-03-21T04:32:54.368Z,2025-03-21T04:32:54.368Z
company_1742531574368_281,Co,,,https://www.screamingfrog.co.uk/seo-spider/,2025-03-21T04:32:54.368Z,2025-03-21T04:32:54.368Z
company_1742531574369_273,Sembly,,,https://www.sembly.ai/,2025-03-21T04:32:54.369Z,2025-03-21T04:32:54.369Z
company_1742531574370_423,Semrush,,,https://www.semrush.com/,2025-03-21T04:32:54.370Z,2025-03-21T04:32:54.370Z
company_1742531574370_379,Sendinblue,,,https://www.sendinblue.com/,2025-03-21T04:32:54.370Z,2025-03-21T04:32:54.370Z
company_1742531574371_921,Shareasale,,,https://www.shareasale.com/,2025-03-21T04:32:54.371Z,2025-03-21T04:32:54.371Z
company_1742531574371_288,Shortlyai,,,https://www.shortlyai.com/,2025-03-21T04:32:54.371Z,2025-03-21T04:32:54.371Z
company_1742531574372_337,Shyeditor,,,https://www.shyeditor.com,2025-03-21T04:32:54.372Z,2025-03-21T04:32:54.372Z
company_1742531574372_462,Sinequa,,,https://www.sinequa.com,2025-03-21T04:32:54.372Z,2025-03-21T04:32:54.372Z
company_1742531574373_629,Sipeed,,,https://www.sipeed.com/,2025-03-21T04:32:54.373Z,2025-03-21T04:32:54.373Z
company_1742531574374_84,Sisense,,,https://www.sisense.com/,2025-03-21T04:32:54.374Z,2025-03-21T04:32:54.374Z
company_1742531574374_470,Smaply,,,https://www.smaply.com/,2025-03-21T04:32:54.374Z,2025-03-21T04:32:54.374Z
company_1742531574375_133,Smartly,,,https://www.smartly.io/,2025-03-21T04:32:54.375Z,2025-03-21T04:32:54.375Z
company_1742531574375_645,Smartsheet,,,https://www.smartsheet.com/,2025-03-21T04:32:54.375Z,2025-03-21T04:32:54.375Z
company_1742531574376_662,Soundful,,,https://www.soundful.com,2025-03-21T04:32:54.376Z,2025-03-21T04:32:54.376Z
company_1742531574377_730,Sourcely,,,https://www.sourcely.net/,2025-03-21T04:32:54.377Z,2025-03-21T04:32:54.377Z
company_1742531574378_475,Sparkbeyond,,,https://www.sparkbeyond.com,2025-03-21T04:32:54.378Z,2025-03-21T04:32:54.378Z
company_1742531574378_894,Sparkcognition,,,https://www.sparkcognition.com/deepexpert,2025-03-21T04:32:54.378Z,2025-03-21T04:32:54.378Z
company_1742531574380_398,Spellbook,,,https://www.spellbook.legal,2025-03-21T04:32:54.380Z,2025-03-21T04:32:54.380Z
company_1742531574380_550,Sprinklr,,,https://www.sprinklr.com/,2025-03-21T04:32:54.380Z,2025-03-21T04:32:54.380Z
company_1742531574381_205,Spyfu,,,https://www.spyfu.com/,2025-03-21T04:32:54.381Z,2025-03-21T04:32:54.381Z
company_1742531574381_628,Squarespace,,,https://www.squarespace.com/,2025-03-21T04:32:54.381Z,2025-03-21T04:32:54.381Z
company_1742531574382_814,Statista,,,https://www.statista.com/,2025-03-21T04:32:54.382Z,2025-03-21T04:32:54.382Z
company_1742531574382_76,Stepsize,,,https://www.stepsize.com/,2025-03-21T04:32:54.382Z,2025-03-21T04:32:54.382Z
company_1742531574383_498,Streak,,,https://www.streak.com/,2025-03-21T04:32:54.383Z,2025-03-21T04:32:54.383Z
company_1742531574383_687,Surveymonkey,,,https://www.surveymonkey.com/,2025-03-21T04:32:54.383Z,2025-03-21T04:32:54.383Z
company_1742531574384_95,Swi-prolog,,,https://www.swi-prolog.org,2025-03-21T04:32:54.384Z,2025-03-21T04:32:54.384Z
company_1742531574385_53,Sybill,,,https://www.sybill.ai/,2025-03-21T04:32:54.385Z,2025-03-21T04:32:54.385Z
company_1742531574385_269,Syntiant,,,https://www.syntiant.com/,2025-03-21T04:32:54.385Z,2025-03-21T04:32:54.385Z
company_1742531574386_781,Tableau,,,https://www.tableau.com/,2025-03-21T04:32:54.386Z,2025-03-21T04:32:54.386Z
company_1742531574386_728,Taboola,,,https://www.taboola.com/,2025-03-21T04:32:54.386Z,2025-03-21T04:32:54.386Z
company_1742531574387_849,Talkwalker,,,https://www.talkwalker.com/,2025-03-21T04:32:54.387Z,2025-03-21T04:32:54.387Z
company_1742531574388_958,Taranify,,,https://www.taranify.com,2025-03-21T04:32:54.388Z,2025-03-21T04:32:54.388Z
company_1742531574388_85,Taskade,,,https://www.taskade.com,2025-03-21T04:32:54.388Z,2025-03-21T04:32:54.388Z
company_1742531574389_413,Teamwork,,,https://www.teamwork.com,2025-03-21T04:32:54.389Z,2025-03-21T04:32:54.389Z
company_1742531574390_479,Tencent,,,https://www.tencent.com/hunyuan,2025-03-21T04:32:54.390Z,2025-03-21T04:32:54.390Z
company_1742531574390_754,Theseventhsense,,,https://www.theseventhsense.com/,2025-03-21T04:32:54.390Z,2025-03-21T04:32:54.390Z
company_1742531574391_505,Thetradedesk,,,https://www.thetradedesk.com/,2025-03-21T04:32:54.391Z,2025-03-21T04:32:54.391Z
company_1742531574392_281,Tidio,,,https://www.tidio.com/,2025-03-21T04:32:54.392Z,2025-03-21T04:32:54.392Z
company_1742531574392_622,Topazlabs,,,https://www.topazlabs.com/gigapixel-ai,2025-03-21T04:32:54.392Z,2025-03-21T04:32:54.392Z
company_1742531574393_620,Traackr,,,https://www.traackr.com/,2025-03-21T04:32:54.393Z,2025-03-21T04:32:54.393Z
company_1742531574394_700,Triplelift,,,https://www.triplelift.com/,2025-03-21T04:32:54.394Z,2025-03-21T04:32:54.394Z
company_1742531574394_440,Trustpilot,,,https://www.trustpilot.com/,2025-03-21T04:32:54.394Z,2025-03-21T04:32:54.394Z
company_1742531574395_492,Typeform,,,https://www.typeform.com/,2025-03-21T04:32:54.395Z,2025-03-21T04:32:54.395Z
company_1742531574395_298,Usemotion,,,https://www.usemotion.com/,2025-03-21T04:32:54.395Z,2025-03-21T04:32:54.395Z
company_1742531574396_322,Wand,,,https://www.wand.ai,2025-03-21T04:32:54.396Z,2025-03-21T04:32:54.396Z
company_1742531574397_6,Whitesmoke,,,https://www.whitesmoke.com/,2025-03-21T04:32:54.397Z,2025-03-21T04:32:54.397Z
company_1742531574397_813,Widen,,,https://www.widen.com/,2025-03-21T04:32:54.397Z,2025-03-21T04:32:54.397Z
company_1742531574398_712,Wordstream,,,https://www.wordstream.com/,2025-03-21T04:32:54.398Z,2025-03-21T04:32:54.398Z
company_1742531574398_153,Wordware,,,https://www.wordware.ai,2025-03-21T04:32:54.398Z,2025-03-21T04:32:54.398Z
company_1742531574399_713,Workato,,,https://www.workato.com/,2025-03-21T04:32:54.399Z,2025-03-21T04:32:54.399Z
company_1742531574399_957,Workotter,,,https://www.workotter.com,2025-03-21T04:32:54.399Z,2025-03-21T04:32:54.399Z
company_1742531574400_836,Wrike,,,https://www.wrike.com/,2025-03-21T04:32:54.400Z,2025-03-21T04:32:54.400Z
company_1742531574400_734,Writewithlaika,,,https://www.writewithlaika.com/,2025-03-21T04:32:54.400Z,2025-03-21T04:32:54.400Z
company_1742531574401_592,Xmind,,,https://www.xmind.app/,2025-03-21T04:32:54.401Z,2025-03-21T04:32:54.401Z
company_1742531574402_281,Yesware,,,https://www.yesware.com/,2025-03-21T04:32:54.402Z,2025-03-21T04:32:54.402Z
company_1742531574402_4,Yext,,,https://www.yext.com/,2025-03-21T04:32:54.402Z,2025-03-21T04:32:54.402Z
company_1742531574403_998,Yomu,,,https://www.yomu.ai,2025-03-21T04:32:54.403Z,2025-03-21T04:32:54.403Z
company_1742531574403_184,Yotpo,,,https://www.yotpo.com/,2025-03-21T04:32:54.403Z,2025-03-21T04:32:54.403Z
company_1742531574404_750,Youtube,,,https://www.youtube.com/@RobertMilesAI,2025-03-21T04:32:54.404Z,2025-03-21T04:32:54.404Z
company_1742531574405_862,Zendesk,,,https://www.zendesk.com/,2025-03-21T04:32:54.405Z,2025-03-21T04:32:54.405Z
company_1742531574405_378,Zest,,,https://www.zest.ai,2025-03-21T04:32:54.405Z,2025-03-21T04:32:54.405Z
company_1742531574406_311,Zoho,,,https://www.zoho.com/crm/,2025-03-21T04:32:54.406Z,2025-03-21T04:32:54.406Z
company_1742531574407_334,Xtensio,,,https://xtensio.com/,2025-03-21T04:32:54.407Z,2025-03-21T04:32:54.407Z
company_1742531574407_294,Yoast,,,https://yoast.com/,2025-03-21T04:32:54.407Z,2025-03-21T04:32:54.407Z
company_1742531574408_387,Zapier,,,https://zapier.com/,2025-03-21T04:32:54.408Z,2025-03-21T04:32:54.409Z